Прізвище,Імя,По бат,Стать,Дата народження,Посада,Місто проживання,Адреса прож,Телефон,Email
Шутько,Сергій,Григорович,Ч,18.09.2004,Астроном,місто Обухів,"парк Лиманчик 2-й Лінія 4-та, буд. 342 кв. 2, Андрушівка, 32093",+380 52 366 70 24,pzasenko@example.com
Бабиченко,Василина,Дмитрівна,Ж,24.09.1942,Реабілітолог,хутір Новоград-Волинський,"провулок Західний 4-й, буд. 5 кв. 806, Миколаїв, 01315",+380 95 748-87-46,wpanchuk@example.com
Вдовенко,Аліна,Степанівна,Ж,11.12.1979,Різноробочий,місто Дубно,"набережна Весела, буд. 9 кв. 12, Тернівка, 34679",+380 92 827-97-33,vasylynadarahan@example.net
Даньків,Златослава,Олександрівна,Ж,08.07.1948,Машиніст,село Біла Церква,"парк Бреуса Якова, буд. 900, Новий Розділ, 14305",144-97-29,liliiaiarosh@example.com
Ватаманюк,Ігор,Юрійович,Ч,27.08.1997,Сценарист,місто Іллінці,"парк Іванівський переїзд, буд. 525 кв. 09, Бердянськ, 66744",+380 08 356-69-95,hermanvermenych@example.net
Юрченко,Йосип,Валерійович,Ч,04.08.1998,Піаніст,хутір Кам'янське,"шосе Трамвайна, буд. 4 кв. 4, Почаїв, 13123",071 291-96-91,andriiovychspas@example.com
Артимович,Любов,Сергіївна,Ж,26.03.1981,Фермер,хутір Кам'янка-Бузька,"сквер Дмитріївська, буд. 098, Красногорівка, 15487",256-63-89,venedyktromanchuk@example.com
Оніщук,Єфрем,Валерійович,Ч,30.08.1986,Лікар,село Глобине,"шосе Манежна, буд. 7 кв. 712, Жовті Води, 21511",+380 32 513-85-82,danchenkosvitlana@example.org
Чарниш,Пилип,Богданович,Ч,04.06.1974,Вчитель,селище Переяслав,"узвіз Восьмого березня 6-й, буд. 61 кв. 6, Білогірськ, 73804",009 298-20-80,iaremasomko@example.net
Хоменко,Леонід,Богданович,Ч,06.02.1998,Антрополог,місто Славута,"сквер Побратимів, буд. 9 кв. 2, Лубни, 33335",032 863-79-57,rozaliiateslia@example.net
Зінченко,Марія,Максимівна,Ж,18.06.1997,Психолог,село Ананьїв,"проспект Нафтовиків, буд. 35 кв. 128, Нове Давидково, 37489",587 63 97,avreliiarkhypenko@example.com
Артимишин,Ганна,Вікторівна,Ж,28.10.1938,Кур'єр,село Рогатин,"сквер Косовська, буд. 97, Охтирка, 66074",169 40 57,kalenychenkonestor@example.com
Давимука,Венедикт,Григорович,Ч,07.08.1997,Фольклорист,хутір Олевськ,"площа Середньофонтанська, буд. 314, Глобине, 36799",634-91-79,stanislavavramchuk@example.com
Дергач,Едуард,Васильович,Ч,04.06.2003,Модельєр,хутір Рахів,"шосе Хаджибейський 2-й, буд. 8 кв. 7, Люботин, 73731",010 421 54 21,sirobabaavrelii@example.net
Забіла,Мирон,Валерійович,Ч,19.08.1963,Біолог,селище Судова Вишня,"сквер Радіальна, буд. 41, Львів, 92260",+380 (16) 541-85-88,terezatkachenko@example.org
Василенко,Нестор,Миколайович,Ч,06.03.1939,Фізик,хутір Самар,"набережна Бісквітний, буд. 0 кв. 923, Миргород, 59699",642-40-30,ievachumak@example.net
Цушко,Веніямин,Іванович,Ч,29.03.1976,Клавішник,селище Лубни,"узвіз Юрія Олеші, буд. 037, Новгород-Сіверський, 13165",308 76 56,bieromenko@example.org
Саєнко,Гордій,Миколайович,Ч,21.12.2007,Фотограф,селище Глобине,"провулок Соляний 7-й, буд. 8, Красилів, 25392",+380 (84) 044-48-24,shavryshkevych@example.com
Канівець,Пантелеймон,Павлович,Ч,10.03.1950,Літературознавець,місто Андрушівка,"узвіз Добровольців, буд. 9, Немирів, 97097",079 015 09 21,ohaidabura@example.org
Шевченко,Едуард,Юрійович,Ч,11.12.1998,Фермер,село Бучач,"узвіз Локомотивний 4-й, буд. 458 кв. 5, Перечин, 61441",+380 27 581-61-63,anton70@example.net
Чумак,Варвара,Романівна,Ж,05.09.1999,Складальник,місто Горішні Плавні,"проспект Південна, буд. 854 кв. 79, Тальне, 60279",069 694-12-35,adakaras@example.com
Ткач,Віра,Петрівна,Ж,04.02.2001,Машиніст,село Бахчисарай,"проспект Олександра Станкова, буд. 143 кв. 5, Лохвиця, 88338",442 32 14,prykhodkoedyta@example.com
Асаула,Дмитро,Богданович,Ч,08.03.1960,Сценарист,село Каховка,"шосе Лінія 43-тя, буд. 77 кв. 584, Олександрівськ, 18668",046 362-58-45,azarhavrylets@example.org
Панчук,Амвросій,Юрійович,Ч,26.11.1991,Співак,хутір Бориспіль,"площа Ф. Пішеніна, буд. 45 кв. 01, Рудки, 65278",038 163-43-78,khudobiakiukhym@example.net
Ґалаґан,Анжела,Дмитрівна,Ж,23.12.1969,Петрограф,село Могилів-Подільський,"набережна Кам’янецький, буд. 50 кв. 324, Енергодар, 10105",089 859 87 42,lubenetszlatoslava@example.net
Опанасенко,Остап,Михайлович,Ч,30.05.1974,Редактор,село Харків,"узвіз Привозна, буд. 4 кв. 33, Петрово-Красносілля, 13973",032 988 10 71,havryshkevychanton@example.com
Щербак,Кирило,Степанович,Ч,10.07.1976,Науковець,селище Часів Яр,"сквер Полуничний, буд. 29, Мерефа, 75318",506-61-54,pkarmaliuk@example.net
Зубко,Демид,Леонідович,Ч,13.04.1939,Геолог,хутір Мелітополь,"шосе Аеродромний 3-й, буд. 60 кв. 6, Рубіжне, 60986",+380 13 004 68 53,hanna62@example.org
Петренко,Дан,Олександрович,Ч,13.01.1988,Фотограф,місто Ланівці,"узвіз Сергія Уточкіна, буд. 0, Новояворівськ, 54308",488 80 80,qkyrylenko@example.com
Ткач,Валентина,Ігорівна,Ж,18.01.1987,Лікар,село Золоте,"шосе Волова, буд. 11, Лисичанськ, 78576",087 341-12-47,klavdiiatsybulenko@example.org
Кармалюк,Костянтин,Романович,Ч,03.03.1974,Етнограф,село Герца,"провулок Степана Олійника узвіз, буд. 811 кв. 68, Решетилівка, 78945",014 932 90 69,astets@example.net
Деревʼянко,Розалія,Ігорівна,Ж,05.08.1970,Скульптор,село Голубівка,"проспект Керченський 1-й, буд. 80, Новоазовськ, 15382",207 65 96,viktordanchuk@example.org
Василевич,Богуслав,Тарасович,Ч,17.07.1988,Няня,селище Глобине,"парк Південна дорога, буд. 620, Верхівцеве, 85953",+380 14 672-40-05,mariia86@example.org
Запорожець,Ярема,Леонідович,Ч,11.10.1948,Адвокат,село Донецьк,"узвіз Пішонівська, буд. 17, Тульчин, 01575",060 174-39-48,vertyporokhviktor@example.net
Примаченко,Руслан,Володимирович,Ч,19.06.1974,Психолог,хутір Чернівці,"вулиця Гена Іоганна, буд. 66, Сторожинець, 48310",+380 (61) 025-64-61,upylypenko@example.net
Микитюк,Дарина,Василівна,Ж,12.06.1986,Реабілітолог,хутір Корець,"проспект Левадна, буд. 9 кв. 6, Канів, 46451",400 03 26,larysabaturynets@example.net
Єщенко,Ада,Богданівна,Ж,22.04.1946,Промисловець,місто Білгород-Дністровський,"вулиця Селищна, буд. 002 кв. 0, Апостолове, 29903",+380 (14) 384-95-41,ivan03@example.org
Ємельяненко,Клавдія,Романівна,Ж,03.01.1999,Фізик,село Краматорськ,"площа Спаський, буд. 770, Сокаль, 49820",761 05 42,htsymbal@example.com
Ґереґа,Миколай,Максимович,Ч,27.07.1953,Астрофізик,хутір Самбір,"провулок 19-й км Старокиївської дороги, буд. 203, Кам'янець-Подільський, 46588",029 517 29 80,iaremkodmytro@example.com
Чаленко,Панас,Віталійович,Ч,19.03.1971,Водій,хутір Хорол,"вулиця Старосінна, буд. 723 кв. 1, Переяслав, 92098",005 226 23 55,demian11@example.com
Адаменко,Тимофій,Степанович,Ч,08.05.1988,Громадський діяч,село Сколе,"сквер Кропивницького, буд. 88 кв. 585, Перечин, 34401",+380 (87) 793-52-64,alekseienkoherman@example.org
Цісик,Емілія,Олександрівна,Ж,29.01.1974,Головний меркшейдер,місто Мирноград,"проспект Ватманський, буд. 7 кв. 7, Вишневе, 30163",+380 80 281 12 36,artemvertyporokh@example.org
Ільченко,Василина,Леонідівна,Ж,11.04.1963,Круп'є,селище Сорокине,"сквер Олександра Кутузакія, буд. 8, Козятин, 76706",000 150-77-52,iefremmalyk@example.net
Батіг,Хома,Валерійович,Ч,29.07.1979,Юрист,хутір Добропілля,"провулок Удільний, буд. 44 кв. 1, Прилуки, 93803",208 60 64,gneporozhnii@example.com
Овсієнко,Віра,Іванівна,Ж,11.11.1982,Випробувач,село Балаклія,"парк Херсонський, буд. 683, Луганськ, 27445",143 84 52,anzhela14@example.com
Шаповал,Тимофій,Вікторович,Ч,24.04.1941,Кінолог,хутір Бережани,"вулиця Басейна, буд. 763 кв. 142, Кам'янка-Дніпровська, 59327",+380 (97) 931-46-71,khomenkodaryna@example.net
Медведенко,Назар,Ярославович,Ч,30.10.1951,Кушнір,селище Феодосія,"шосе тупик Хвиля, буд. 336 кв. 9, Зугрес, 57577",000 321 68 04,fkybkalo@example.org
Малишко,Олена,Богданівна,Ж,16.09.1962,Хімік,хутір Святогірськ,"провулок Азербайджан, буд. 16, Снятин, 36537",086 685-21-33,feofan28@example.org
Микитюк,Альбіна,Сергіївна,Ж,28.03.1963,Драматург,хутір Марганець,"вулиця Скляна, буд. 10 кв. 2, Горохів, 05694",+380 41 525 09 03,babiaksviatoslav@example.org
Рудик,Венедикт,Васильович,Ч,08.09.1949,Астрофізик,хутір Березне,"узвіз Дружний, буд. 558 кв. 781, Копичинці, 75962",435 66 18,viktor95@example.org
Іванченко,Павло,Григорович,Ч,09.07.1972,Державний службовець,село Дергачі,"площа Сергія Коновалова, буд. 14 кв. 544, Стрий, 55148",093 479-76-01,havryloorlyk@example.org
Швайка,Володимира,Володимирівна,Ж,16.07.1993,Підприємець,місто Ходорів,"сквер Новоберегова, буд. 92, Вовчанськ, 07294",130 18 11,riabchenkoodarka@example.net
Макаренко,Богуслав,Григорович,Ч,20.12.1999,Фольклорист,хутір Мена,"провулок Картамишевський, буд. 7, Кролевець, 87774",031 615-96-31,apiatachenko@example.net
Теліженко,Віталій,Володимирович,Ч,14.06.2005,Локсмайстер,село Гадяч,"вулиця Прилуцький, буд. 26 кв. 890, Верхівцеве, 14689",+380 74 468 79 09,iaroslavnosenko@example.org
Ґереґа,Єлисавета,Петрівна,Ж,03.12.2004,Фотограф,хутір Яготин,"провулок Південна дорога, буд. 300 кв. 6, Щолкіне, 27527",+380 93 101 75 71,viktor20@example.org
Джунь,Надія,Ярославівна,Ж,26.04.1985,Дипломат,місто Мирноград,"сквер Буковинська, буд. 6 кв. 749, Косів, 68832",+380 62 675 54 50,martyn19@example.net
Ґерета,Оксана,Юріївна,Ж,12.08.1964,Біолог,село Південне,"площа Гвоздична, буд. 931, Севастополь, 30833",536-10-36,ytryhub@example.org
Кармалюк,Мілена,Сергіївна,Ж,21.05.1969,Патологоанатом,селище Довжанськ,"вулиця Єврейська, буд. 4, Зугрес, 02771",+380 (50) 555-10-53,ievhenverhun@example.org
Оніщук,Ірина,Юріївна,Ж,01.03.1973,Кушнір,селище Кам'янське,"провулок Тепличний 2-й, буд. 50, Карлівка, 23093",023 280-62-10,tbazavluchenko@example.org
Полтавець,Наталія,Ігорівна,Ж,17.08.1981,Підприємець,селище Лисичанськ,"вулиця Миколи Костомарова, буд. 5 кв. 70, Новогродівка, 01517",687 46 41,olha21@example.org
Левченко,Іван,Васильович,Ч,27.09.1975,Паблік рилейшнз,хутір Бахмач,"площа Марка Крейна, буд. 022 кв. 3, Трускавець, 77161",+380 94 646-03-84,androshchukpavlo@example.net
Базавлученко,Феофан,Валерійович,Ч,08.01.1941,Детектив,село Сіверськ,"площа Шевальових, буд. 35 кв. 55, Ізюм, 94200",+380 08 113-98-69,hennadii39@example.org
Ребрик,Галина,Вікторівна,Ж,16.06.1995,Кухар,місто Чорнобиль,"узвіз 18-та Лінія 6-й ст. Люстдорфської дороги, буд. 20, Радомишль, 35985",009 764-72-14,daleksiuk@example.net
Приймак,Соломон,Миколайович,Ч,26.09.1975,Правник,селище Городня,"проспект Василя Симоненка, буд. 01, Докучаєвськ, 55350",904 87 90,tpetrenko@example.net
Проценко,Арсен,Павлович,Ч,03.10.2004,Фермер,село Новий Розділ,"провулок Бугаївська, буд. 8 кв. 3, Галич, 73131",+380 26 718-10-35,fastenkoopanas@example.com
Оліфіренко,Роксолана,Сергіївна,Ж,02.10.1968,Няня,селище Кременець,"площа Бодаревського, буд. 03, Нова Одеса, 71885",022 094 92 64,mzhaivoron@example.org
Зінченко,Борислав,Анатолійович,Ч,21.11.2002,Співак,хутір Болехів,"парк Хаджибейський 3-й, буд. 2, Бунге, 74770",+380 (97) 451-18-57,zbabak@example.com
Гресь,Ярослав,Дмитрович,Ч,27.11.1960,Електромонтажник,хутір Світловодськ,"вулиця Біляївська, буд. 3, Коростишів, 89751",048 941 02 60,xshukhevych@example.org
Демʼяненко,Лілія,Павлівна,Ж,30.06.1965,Бізнесмен,селище Берестечко,"узвіз Дачний, буд. 944, Добромиль, 60873",+380 57 454 52 10,qnalyvaiko@example.net
Євтушенко,Ілля,Григорович,Ч,25.04.1985,Гірничий інженер,місто Київ,"узвіз Мостовий, буд. 77, Новоселиця, 81343",+380 93 337 65 36,csirobaba@example.net
Байда,Антон,Степанович,Ч,01.02.1971,Електромонтажник,село Харків,"узвіз Водопровідний 1-й, буд. 5 кв. 911, Торецьк, 62407",070 238 84 59,trokhym01@example.com
Адаменко,Зорян,Васильович,Ч,16.06.1959,Педагог,село Малин,"сквер Нечипуренка, буд. 4 кв. 6, Коломия, 48647",+380 34 529 24 64,ihnatdzhun@example.com
Філіпенко,Аврелій,Олександрович,Ч,15.09.1965,Перекладач,хутір Пустомити,"узвіз Якірний, буд. 7, Чоп, 91605",192-35-16,stefan03@example.org
Дашенко,Тарас,Валерійович,Ч,15.07.1991,Етнограф,місто Сокологірськ,"провулок Житомирський 3-й, буд. 50, Старокостянтинів, 91768",+380 20 357-64-75,symonenkozlatoslava@example.com
Василечко,Розалія,Тарасівна,Ж,19.08.2008,Психолог,хутір Кам'янка-Бузька,"провулок Дев’ята, буд. 984 кв. 1, Моспине, 02111",+380 67 693 92 27,erikastus@example.org
Примаченко,Варвара,Ігорівна,Ж,24.10.1950,Модельєр,село Бахмут,"провулок 2-й Академічний тупик, буд. 25, Чернівці, 14323",314-50-13,herman03@example.com
Матяш,Венедикт,Степанович,Ч,29.08.1938,Клавішник,хутір Комарно,"вулиця Кар’єрна, буд. 607 кв. 14, Христинівка, 76213",+380 13 924 44 75,danylofranko@example.net
Павлик,Миколай,Іванович,Ч,13.03.1951,Намотувальник,селище Кропивницький,"площа Олени Теліги, буд. 9, Хирів, 38837",+380 34 287-20-03,oryna25@example.org
Сацюк,Тарас,Павлович,Ч,16.02.1997,Літературознавець,хутір Хуст,"шосе Докова, буд. 55, Чоп, 92609",+380 26 396-83-12,batiukielysaveta@example.org
Рева,Єва,Іванівна,Ж,01.01.2001,Футболіст,село Шептицький,"площа Івасюка Володимира, буд. 526 кв. 3, Миронівка, 12656",+380 39 880 15 99,pavlo94@example.com
Оберемко,Гаврило,Юрійович,Ч,11.09.2005,Співак,місто Яремче,"площа Одарія, буд. 404, Бобринець, 58708",+380 36 071-38-22,vakarchukamaliia@example.net
Ткач,Єлисавета,Максимівна,Ж,24.09.1965,Клавішник,село Чуднів,"сквер Студентський 2-й, буд. 698 кв. 67, Любомль, 12056",354-29-66,kolesnychenkohennadii@example.net
Даниленко,Святослава,Степанівна,Ж,02.04.1982,Машиніст,селище Могилів-Подільський,"провулок Педагогічний, буд. 3, Богуслав, 21925",780 77 63,bhaidabura@example.org
Атрощенко,Ростислав,Богданович,Ч,12.02.1968,Футболіст,місто Миронівка,"шосе Пастера, буд. 5, Старий Самбір, 74970",115-75-06,vshelest@example.org
Шамрай,Володимир,Дмитрович,Ч,02.08.1992,Фрілансер,хутір Рахів,"вулиця Маловського, буд. 1, Сміла, 85543",360-43-96,veniiamyndankevych@example.com
Остапчук,Єлисей,Володимирович,Ч,27.12.1987,Електромонтер,місто Чигирин,"проспект Ромашкова, буд. 9 кв. 69, Вільногірськ, 82185",529-19-97,zarubaorysia@example.com
Воблий,Святослав,Павлович,Ч,09.12.1955,Єгер,місто Василівка,"узвіз Майстерний, буд. 993 кв. 90, Кролевець, 98980",+380 65 361-52-22,danyloudovychenko@example.net
Вакарчук,Григорій,Михайлович,Ч,12.04.2000,Диригент,місто Чигирин,"площа Осипова, буд. 8 кв. 684, Олевськ, 73863",736-45-88,olesshablii@example.com
Колісниченко,Федір,Михайлович,Ч,17.11.1976,Педагог,село Міусинськ,"проспект Манежна, буд. 35 кв. 456, Щастя, 87187",+380 84 159 82 42,olha27@example.com
Андрійович,Іван,Богданович,Ч,21.01.1963,Продюсер,село Новояворівськ,"провулок Прорізна, буд. 7, Шаргород, 44657",009 658-30-61,iurchenkooryna@example.com
Титаренко,Амвросій,Максимович,Ч,05.03.1946,Ботанік,селище Ладижин,"сквер Церковна, буд. 4 кв. 08, Гадяч, 48230",521-30-65,makarkabanenko@example.com
Бгиденко,Анжела,Сергіївна,Ж,03.04.1958,Дерун,хутір Перещепине,"шосе Цимлянська, буд. 11 кв. 637, Гайсин, 76020",490 62 91,khoma85@example.org
Щорс,Едита,Максимівна,Ж,27.06.1966,Няня,селище Армянськ,"сквер Соні Делоне, буд. 5, Тальне, 07897",074 254 30 49,lesykmariia@example.org
Полтавець,Устим,Валерійович,Ч,14.09.1966,Астрофізик,селище Кіцмань,"проспект Мелодійний, буд. 131, Ірпінь, 08620",008 144 05 25,sprotsenko@example.org
Хоменко,Володимира,Юріївна,Ж,06.02.1988,Паблік рилейшнз,селище Глобине,"шосе Тополина, буд. 23 кв. 9, Збараж, 42790",583 06 13,zorian80@example.com
Ґоляш,Андрій,Анатолійович,Ч,29.08.1980,Випробувач,хутір Гребінка,"сквер Водопровідний 2-й, буд. 13 кв. 88, Чугуїв, 85514",+380 12 704-28-85,yiefymenko@example.net
Оніщук,Галина,Анатоліївна,Ж,15.05.1943,Диригент,селище Тростянець,"проспект Путівна, буд. 796 кв. 23, Керч, 31735",033 459-57-43,ctkachenko@example.net
Височан,Ярослав,Романович,Ч,09.09.1988,Бібліотекар,місто Докучаєвськ,"площа Петра Болбочана, буд. 135, Волноваха, 63006",786-60-15,liliia05@example.net
Дробаха,Наталія,Вікторівна,Ж,12.07.1958,Менеджер,село Малин,"провулок Міцкевича, буд. 6, Трускавець, 25364",838 83 50,lupiisemen@example.net
Шведченко,Олена,Григорівна,Ж,04.03.1970,Льотчик,село Новомиргород,"сквер Тюльпанний, буд. 65 кв. 378, Березне, 49398",001 487-67-42,ishchakdemian@example.com
Вишиваний,Орест,Віталійович,Ч,24.02.1945,Науковець,місто Шепетівка,"узвіз Шкільний, буд. 900 кв. 390, Рудки, 17722",994 03 59,fhaidabura@example.com
Ящук,Орися,Юріївна,Ж,05.02.1976,Клавішник,селище Сторожинець,"проспект Балтський 7-й, буд. 8, Ірпінь, 22424",053 130 30 01,ieroshenkoleopold@example.com
Шаблій,Августин,Петрович,Ч,01.10.1938,Лікар,місто Тараща,"узвіз 18-та Лінія 6-й ст. Люстдорфської дороги, буд. 01 кв. 163, Сіверськ, 79335",+380 28 807-68-65,khomaartymyshyna@example.net
Скоробогатько,Йосип,Сергійович,Ч,17.02.1957,Епідеміолог,місто Селидове,"набережна Травневий 5-й, буд. 5, Новоград-Волинський, 05206",904-34-00,shvedchenkoivan@example.org
Василашко,Галина,Тарасівна,Ж,29.05.1953,Ріелтор,місто Яремче,"шосе Європейська, буд. 60, Решетилівка, 63736",058 782 74 21,anton61@example.org
Лавренко,Наталія,Анатоліївна,Ж,11.11.1943,Програміст,хутір Роздільна,"парк Одеський, буд. 107, Тетіїв, 29585",+380 87 411-01-75,vanchenkoliza@example.net
Романенко,Гліб,Володимирович,Ч,09.09.1970,Живописець,село Антрацит,"вулиця Естонська, буд. 952 кв. 147, Каховка, 83771",+380 86 833-93-93,olha02@example.net
Жарко,Борис,Іванович,Ч,12.11.1957,Кінорежисер,хутір Донецьк,"парк Офіцерський 2-й, буд. 206, П'ятихатки, 03798",+380 65 505 41 06,liza82@example.net
Шило,Дарина,Павлівна,Ж,07.11.1948,Нотаріус,хутір Яготин,"вулиця Проектний 5-й, буд. 60 кв. 76, Гайворон, 36796",+380 09 432-45-88,pylypfastenko@example.net
Батіг,Тимофій,Віталійович,Ч,15.07.1959,Фотограф,селище Сокиряни,"шосе Морська, буд. 014, Шахтарське, 31160",930 44 00,eruban@example.com
Фастенко,Теодор,Богданович,Ч,20.04.1973,Електромонтажник,село Носівка,"парк Мирослава Скорика, буд. 31, Кобеляки, 87797",+380 08 392 91 81,ahunko@example.net
Євтушенко,Амалія,Павлівна,Ж,06.05.1964,Ботанік,хутір Стрий,"провулок Каштанова, буд. 91 кв. 9, Турка, 69045",099 751-49-19,pavlychenkoopanas@example.com
Зінчук,Златослава,Миколаївна,Ж,08.12.1965,Фольклорист,село Боярка,"вулиця Новощіпний ряд, буд. 67 кв. 500, Курахове, 08097",932-33-09,liubovshvedchenko@example.com
Баранець,Олена,Вікторівна,Ж,08.05.1948,Електрик,село Радомишль,"узвіз Івана Микитенка, буд. 0, Ржищів, 65851",054 339-59-44,fveres@example.org
Андрощук,Наталія,Анатоліївна,Ж,29.07.1971,Круп'є,село Шумськ,"парк Новоукраїнський, буд. 4 кв. 293, Новий Калинів, 81136",079 122-51-41,andriizaiets@example.com
Даниленко,Августин,Віталійович,Ч,14.12.1939,Електрослюсар,село Судова Вишня,"проспект Юннатів 1-й, буд. 843 кв. 5, Одеса, 20358",041 133 19 01,rubetsdemyd@example.com
Шморгун,Теодор,Романович,Ч,09.09.1947,Клоун,село Шумськ,"вулиця Андрія Гулого-Гуленка, буд. 00, Бучач, 01307",092 818-57-14,iarynaaleksiuk@example.net
Рудько,Григорій,Петрович,Ч,27.06.1944,Географ,село Тячів,"сквер Майка Йогансена, буд. 736, Заводське, 28455",+380 07 024-15-17,fzatula@example.net
Гайдамака,Гордій,Олександрович,Ч,20.03.1958,Фізик,хутір Могилів-Подільський,"набережна Сімферопольська, буд. 1, Марганець, 85554",+380 66 047 58 47,uzakusylo@example.com
Петрик,Олена,Андріївна,Ж,09.06.1939,Круп'є,село Буськ,"провулок Флотський 1-й, буд. 856 кв. 4, Герца, 28034",033 915-09-60,balabanandrii@example.org
Гунько,Сергій,Михайлович,Ч,05.06.1981,Фізик,село Славутич,"узвіз Чорноморський 3-й, буд. 16 кв. 635, Селидове, 72116",241 57 95,ebatiuk@example.org
Їжак,Богуслава,Ярославівна,Ж,27.01.1950,Гірник,село Судак,"узвіз Майка Йогансена, буд. 224 кв. 889, Шептицький, 64776",+380 57 823-20-09,bazylevychdavyd@example.com
Базавлученко,Орхип,Максимович,Ч,25.12.1960,Клоун,селище Чернігів,"площа Василя Кандинського 5-й, буд. 48, Баштанка, 69264",834-42-40,aiaremenko@example.org
Забашта,Ада,Сергіївна,Ж,06.05.1982,Промисловець,селище Вугледар,"парк Сашка Хорошенка, буд. 65 кв. 81, Судова Вишня, 98084",602 43 70,oksanaiaremkiv@example.net
Чміль,Георгій,Михайлович,Ч,12.12.2000,Режисер,хутір Рахів,"набережна Квантовий, буд. 30, Попасна, 37102",+380 69 918-13-12,uvyshyvana@example.com
Фаренюк,Петро,Віталійович,Ч,02.02.1990,Швачка,хутір Жидачів,"парк Венгера, буд. 98 кв. 2, Вилкове, 49649",098 850-70-79,azar20@example.org
Батюк,Спас,Володимирович,Ч,07.08.1948,Географ,хутір Богодухів,"проспект Маразліївська, буд. 7 кв. 606, Галич, 23422",+380 44 639-94-17,iefrem52@example.com
Тягнибок,Гордій,Тарасович,Ч,08.09.1983,Стиліст,місто Ровеньки,"площа Аркадіївський, буд. 15, Слов'янськ, 84642",+380 31 017 86 86,romanetspanas@example.org
Рудик,Клавдія,Юріївна,Ж,06.07.1948,Живописець,хутір Покров,"проспект 11-ша Лінія 6-й ст. Люстдорфської дороги, буд. 000, Лисичанськ, 10516",+380 02 633-54-44,iefremcherinko@example.net
Дахно,Єлисавета,Юріївна,Ж,14.03.1975,Каскадер,місто Ладижин,"площа Дур'янівський, буд. 490, Горішні Плавні, 29659",+380 52 700 80 53,thodunok@example.com
Штепа,Юстина,Юріївна,Ж,19.09.1981,Програміст,село Підгайці,"сквер Молокова, буд. 17, Синельникове, 37413",+380 23 141-89-17,ielysaveta05@example.com
Тесля,Ганна,Віталіївна,Ж,21.11.1991,Гірник,хутір Свалява,"шосе Цементний, буд. 3, Гола Пристань, 34860",+380 (42) 577-93-29,trokhym76@example.com
Заруба,Данило,Володимирович,Ч,03.01.1998,Паблік рилейшнз,селище Старий Крим,"шосе Миколи Огренича, буд. 127, Калуш, 42585",028 139 75 50,ihnatfartushniak@example.org
Тесленко,Камілла,Юріївна,Ж,26.04.1981,Гицель,селище Ізяслав,"провулок Демократична, буд. 40, Хутір-Михайлівський, 50600",+380 28 289-34-09,edyta43@example.org
Засуха,Наталія,Василівна,Ж,14.05.1972,Фотограф,хутір Залізне,"шосе Кругова, буд. 3 кв. 0, Привілля, 94554",+380 (31) 225-05-15,qzasenko@example.com
Андрощук,Святослава,Юріївна,Ж,31.03.1957,Соціолог,селище Сквира,"шосе Донорська, буд. 40, Радомишль, 56052",+380 43 811-74-48,suprunenkosviatoslava@example.org
Василашко,Владислав,Миколайович,Ч,16.10.1954,Музичний редактор,село Сіверськодонецьк,"шосе Пересипська 6-та, буд. 49, Угнів, 18997",+380 38 816-33-31,leontiibabiichuk@example.com
Зайченко,Борис,Петрович,Ч,27.07.1981,Фольклорист,хутір Золоте,"парк Хімічна, буд. 42, Березівка, 93831",043 837-10-75,konopliasvitlana@example.com
Бабак,Ігнат,Юрійович,Ч,11.06.1982,Мірошник,хутір Жашків,"проспект Чорноморський 5-й, буд. 57, Гадяч, 01387",434 19 31,stepan24@example.org
Скирда,Ірена,Віталіївна,Ж,18.10.1984,Різноробочий,селище Христинівка,"шосе Розкидайлівська, буд. 95 кв. 963, Горішні Плавні, 30702",054 834 95 81,priska89@example.org
Яременко,Амалія,Ярославівна,Ж,01.08.1961,Мікробіолог,місто Ясинувата,"вулиця Крижанівський, буд. 47, Златопіль, 10777",+380 75 464 26 71,rakdavyd@example.com
Канівець,Станіслав,Миколайович,Ч,28.04.1944,Редактор,хутір Перемишляни,"вулиця Восьмого Березня Лінія 1-ша, буд. 38 кв. 152, Отаманівка, 47007",+380 56 901-20-02,utsiupa@example.com
Рак,Соломія,Максимівна,Ж,17.03.1983,Ювелір,місто Вознесенськ,"парк Красний, буд. 86, Дергачі, 89374",198 16 38,apustovit@example.net
Мірошниченко,Степан,Ярославович,Ч,09.01.2003,Мінералог,місто Могилів-Подільський,"узвіз Лінія 54-та, буд. 56, Бахчисарай, 13594",086 316 87 33,skorobohatkooleksa@example.net
Ажажа,Єлисей,Валерійович,Ч,05.01.1943,Кінорежисер,селище Южноукраїнськ,"набережна Килимовий, буд. 46, Острог, 72201",099 931-45-83,dieresko@example.org
Базавлученко,Адам,Вікторович,Ч,11.11.1947,Кухар,хутір Зіньків,"площа 15-та Лінія 6-й ст. Люстдорфської дороги, буд. 37, Макіївка, 44715",+380 40 597 17 00,venedyktmazepa@example.com
Дзюба,Едуард,Романович,Ч,12.10.1971,Адвокат,хутір Ананьїв,"шосе Свободи, буд. 0 кв. 208, Городище, 36566",146-90-18,korbutarsen@example.com
Андрійчук,Варвара,Ярославівна,Ж,10.02.1940,Футболіст,хутір Золочів,"проспект Остапа Вишні, буд. 134 кв. 2, Сокологірськ, 87221",+380 13 285-96-49,hlibshvaika@example.net
Баштан,Климент,Віталійович,Ч,06.11.1978,Співак,хутір Малин,"набережна Театральний, буд. 186 кв. 40, Сокаль, 96053",056 366 32 09,tandriievych@example.com
Макаренко,Демид,Віталійович,Ч,26.01.1940,Фрілансер,село Тлумач,"проспект Матроський, буд. 231, Оріхів, 80719",+380 (75) 805-98-36,kivashchenko@example.org
Бабійчук,Володимир,Сергійович,Ч,18.02.1953,Фрілансер,хутір Миронівка,"сквер Костанді 2-й, буд. 6, Ясинувата, 87845",025-45-96,lukian41@example.org
Романець,Богдан,Леонідович,Ч,28.09.1991,Геолог,місто Ладижин,"проспект Волтона, буд. 48 кв. 84, Чуднів, 76181",470 18 14,valentynasvyrydenko@example.org
Тимченко,Григорій,Романович,Ч,06.03.1948,Ді-джей,хутір Березань,"площа Ганни Ахматової, буд. 7 кв. 64, Старобільськ, 68589",+380 36 319-09-58,liliia70@example.net
Забіла,Йосип,Петрович,Ч,13.08.2005,Клавішник,хутір Вишгород,"сквер Солонцюватий, буд. 22, Берестечко, 61269",297 21 93,viraiakymchuk@example.org
Литвин,Євген,Тарасович,Ч,01.01.1991,Художник,місто Чистякове,"парк Новосельского, буд. 4, Костопіль, 47590",569 15 73,salekseienko@example.com
Гриценко,Мілена,Леонідівна,Ж,27.09.2005,Художник,село Привілля,"парк Палубний, буд. 260, Ясинувата, 24464",+380 48 755 82 06,tymofiidanchenko@example.org
Устенко,Микита,Сергійович,Ч,21.06.1939,Локсмайстер,селище Валки,"площа Вузький, буд. 736 кв. 4, Вуглегірськ, 75109",+380 (04) 378-29-15,parmen69@example.com
Павлик,Богданна,Анатоліївна,Ж,26.02.1953,Фізик,селище Коломия,"набережна Ніли Крюкової, буд. 09 кв. 829, Ківерці, 49654",+380 40 383-92-58,hrechanyklarysa@example.com
Адамчук,Роксолана,Павлівна,Ж,26.10.1951,Художник,місто Кадіївка,"площа Вокзальний, буд. 6, Тлумач, 61549",092 373-18-90,atroshchenkoliza@example.org
Алексюк,Юстим,Віталійович,Ч,30.10.1962,Детектив,село Новогродівка,"парк Педагогічний, буд. 928 кв. 44, Кременець, 12859",048 529-11-04,pelekhstepan@example.com
Гоголь-Яновський,Арсен,Васильович,Ч,20.10.1954,Мистецтвознавець,село Слов'янськ,"вулиця Чернівецький, буд. 3, Борзна, 67571",973-92-98,lhaivoronskyi@example.com
Романенко,Леонід,Юрійович,Ч,27.02.1970,Випробувач,селище Ворожба,"вулиця Юрія Олеші, буд. 76, Попасна, 80943",049 314-82-31,vira23@example.org
Ільєнко,Ірена,Павлівна,Ж,04.09.1986,Композитор,місто Стрий,"парк Різдвяна, буд. 63 кв. 85, Бібрка, 91844",053 716-66-89,oles49@example.org
Журавель,Марта,Павлівна,Ж,14.03.1985,Стропальник,хутір Нове Давидково,"провулок Херсонський, буд. 30, Путивль, 38207",237-36-74,tkarmaliuk@example.org
Вахній,Олена,Сергіївна,Ж,08.12.1958,Геофізик,хутір Снігурівка,"узвіз Миколи Огренича, буд. 05 кв. 44, Славута, 53527",800-06-31,antonbaturynets@example.net
Бабариченко,Хома,Михайлович,Ч,01.04.1973,Петрограф,село Таврійськ,"набережна Кощового отамана, буд. 244, Кам'янка-Бузька, 24157",+380 (79) 038-41-84,panteleimon73@example.com
Артюшенко,Варвара,Анатоліївна,Ж,24.07.1957,Філолог,хутір Златопіль,"вулиця Кавунова, буд. 6 кв. 685, Тлумач, 84577",+380 (23) 104-13-71,frantssuprunenko@example.org
Василашко,Ігор,Віталійович,Ч,17.08.1990,Медик,село Перемишляни,"проспект Суднобудівний, буд. 6 кв. 16, Кам'янка-Дніпровська, 44452",+380 28 329-82-16,cdankiv@example.com
Бараник,Феофан,Петрович,Ч,03.03.1997,Конструктор,місто Корець,"узвіз Радісний, буд. 9 кв. 819, Старобільськ, 97008",+380 (31) 860-44-68,rubetshryhorii@example.org
Опанасенко,Артем,Михайлович,Ч,08.03.1964,Каскадер,місто Новий Калинів,"узвіз Бориса Нечерди, буд. 56, Макіївка, 04319",026 161-40-65,uzhuravel@example.net
Бевзенко,Ярина,Вікторівна,Ж,02.10.1952,Бібліограф,місто Рогатин,"провулок Басейний 4-й, буд. 642, Калинівка, 06998",001 704 51 89,babiukdaryna@example.org
Баклан,Адам,Степанович,Ч,23.12.1988,Кур'єр,селище Токмак,"провулок Львівська, буд. 4 кв. 192, Куп'янськ, 52831",+380 (86) 214-55-19,cherednykvitalii@example.com
Девдюк,Амалія,Тарасівна,Ж,15.11.1943,Паралегал,хутір Кагарлик,"набережна Металістів, буд. 6, Долинська, 68250",035 074-20-76,tesliafeofan@example.net
Тягнибок,Гордій,Вікторович,Ч,14.07.1968,Адвокат,місто Броди,"площа Восьмого березня, буд. 227, Верхньодніпровськ, 42014",+380 (47) 862-67-05,anton35@example.org
Тимчук,Соломія,Ігорівна,Ж,27.11.1954,Піаніст,село Ізмаїл,"проспект Степний 2-й, буд. 667 кв. 34, Нетішин, 28344",005 742-86-65,shovkopliasiaroslava@example.net
Романчук,Олесь,Андрійович,Ч,16.01.1939,Круп'є,місто Гайсин,"сквер Лузанівська, буд. 600, Рава-Руська, 51133",+380 78 424-89-10,piatachenkotaras@example.net
Базилевський,Богодар,Дмитрович,Ч,24.12.1985,Штукатур,хутір Монастирище,"набережна Михайла Божія, буд. 688, Тульчин, 97295",568-20-46,ovsiienkoklavdiia@example.org
Петрик,Тимофій,Іванович,Ч,05.01.1960,Літературознавець,селище Болград,"проспект Олександра Блока, буд. 9, Вишгород, 20861",098 051 03 57,sviatoslava82@example.com
Харченко,Святослава,Дмитрівна,Ж,02.08.1973,Правник,село Залізне,"проспект Садова 1-ша, буд. 88 кв. 77, Перевальськ, 15489",765-56-66,dziubademyd@example.com
Юхименко,Франц,Григорович,Ч,04.09.1995,Електромонтер,місто Сарни,"проспект Перлинна, буд. 3, Миргород, 42747",373-38-95,tymofiimatviienko@example.com
Єсипенко,Юхим,Григорович,Ч,30.10.1961,М'ясник,місто Яготин,"сквер Лиманчик 2-й Лінія 3-тя, буд. 8, Ужгород, 96538",+380 (02) 517-83-91,prokhirarkhypenko@example.org
Ісаєнко,Роксолана,Петрівна,Ж,03.07.2005,Прокурор,хутір Дубляни,"провулок Південна дорога, буд. 79 кв. 824, Тернівка, 87109",+380 (55) 103-92-55,abramchukveniiamyn@example.com
Михалюк,Ростислав,Максимович,Ч,12.10.1980,Живописець,селище Збараж,"сквер Лінійний, буд. 236 кв. 2, Кодима, 30269",976-58-93,avdieienkovolodymyr@example.com
Дараган,Прохір,Валерійович,Ч,24.05.1950,Парфюмер,місто Покровськ,"набережна Івана Луценка, буд. 5 кв. 842, Дергачі, 03094",806-53-90,odarkaorlyk@example.org
Бебешко,Олекса,Ігорович,Ч,19.10.1960,Юрист,місто Українськ,"узвіз Йозефа Прибіка, буд. 262 кв. 74, Білицьке, 82902",079 259-32-66,rnosenko@example.net
Харченко,Ольга,Андріївна,Ж,22.06.2005,Провізор,село Перевальськ,"набережна Гімназична, буд. 81, Подільськ, 90486",+380 24 357-20-48,iryna46@example.org
Цимбалюк,Ада,Анатоліївна,Ж,13.11.2007,Різноробочий,село Сіверськодонецьк,"узвіз Поперечний, буд. 7 кв. 00, Кремінна, 75766",+380 86 291-26-51,leopoldkovaliuk@example.org
Корпанюк,Богдан,Тарасович,Ч,03.05.1953,Детектив,хутір Семенівка,"площа Деревообробний 3-й, буд. 58 кв. 580, Щастя, 81526",+380 43 887-51-63,iarema86@example.com
Левченко,Азар,Дмитрович,Ч,04.03.2004,Будник,село Дунаївці,"узвіз Проектна 2-га, буд. 713, Вижниця, 27603",+380 53 460 99 96,avrelii42@example.org
Власенко,Лесь,Валерійович,Ч,25.07.2003,Складальник,село Теребовля,"набережна Гоголя, буд. 8, Берестечко, 43532",032 859 28 09,nivanychuk@example.org
Шиян,Роксолана,Тарасівна,Ж,15.01.1968,Підприємець,хутір Берислав,"парк Старицького, буд. 46 кв. 8, Люботин, 41241",+380 26 248-73-29,irenazakharchenko@example.org
Безбородько,Леонтій,Сергійович,Ч,20.08.1994,Ветеринар,хутір Нововолинськ,"набережна Демократична, буд. 9 кв. 73, Рубіжне, 98698",+380 33 138-91-22,irynashynkarenko@example.net
Андріїшин,Кирило,Іванович,Ч,02.02.1944,Кур'єр,село Городок,"шосе Петра Лещенка, буд. 523 кв. 349, Кремінна, 34444",+380 44 220-55-13,omelian40@example.org
Юрчук,Борис,Ярославович,Ч,26.02.1964,Юрист,місто Берестин,"провулок Бориса Кифоренка, буд. 322, Стрий, 34401",+380 13 047-45-45,romanchukoryna@example.com
Швачка,Галина,Юріївна,Ж,05.02.1994,Перекладач,селище Сніжне,"шосе Монастирський, буд. 47 кв. 293, Благовіщенське, 33439",+380 16 688 53 73,iakymchukalbert@example.org
Баштан,Мілена,Ігорівна,Ж,30.06.1940,Математик,село Устилуг,"сквер Берегова, буд. 988, Біла Церква, 78613",+380 (73) 648-96-75,havryshkevychmilena@example.net
Рубан,Володимира,Валеріївна,Ж,07.03.1960,Патологоанатом,місто Вижниця,"сквер Карпенка-Карого, буд. 2 кв. 2, Перевальськ, 52991",+380 12 628-64-64,matviienkosolomiia@example.org
Вакарчук,Вʼячеслав,Миколайович,Ч,15.04.2008,Палеонтолог,місто Баштанка,"шосе Літакова, буд. 05, Городня, 33173",024 233-16-26,iukhymenkovolodymyr@example.org
Джус,Іван,Валерійович,Ч,16.11.1975,Вчитель,хутір Чоп,"площа Чигиринська, буд. 76, Дніпро, 92281",103 11 98,hryhoriihuk@example.org
Власенко,Петро,Ярославович,Ч,13.06.2003,Кушнір,селище Карлівка,"вулиця Мельницька, буд. 4 кв. 75, Городище, 01199",+380 14 342 88 22,dmakarenko@example.net
Перепелиця,Аліна,Миколаївна,Ж,17.01.1949,Підприємець,хутір Новий Розділ,"вулиця Амбулаторна, буд. 8 кв. 741, Тлумач, 23252",074 844-93-30,xverkhovynets@example.org
Бабиченко,Захар,Андрійович,Ч,13.11.1948,Електротехнік,село Іллінці,"узвіз Людмили Гінзбург, буд. 871 кв. 332, Оріхів, 81528",992-95-71,adamsheremeta@example.net
Шухевич,Юстина,Дмитрівна,Ж,09.04.1984,Футболіст,місто Сколе,"парк Восьмого березня, буд. 07 кв. 31, Рудки, 25959",051-30-03,amaliiakalchenko@example.com
Слюсар,Ярослава,Володимирівна,Ж,02.06.1966,Клоун,місто Новий Розділ,"узвіз Ждахи, буд. 3 кв. 20, Ромни, 26793",+380 30 347-10-29,serhiishcherban@example.org
Чуйко,Лукʼян,Павлович,Ч,13.04.1954,Актор,селище Борислав,"сквер Локомотивний 2-й, буд. 6, Іршава, 06667",+380 95 552 73 29,amaliia60@example.org
Дерегус,Демид,Павлович,Ч,25.07.1983,Доцент,хутір Волочиськ,"площа Костанді 2-й, буд. 8, Тульчин, 19164",053 176-72-26,fartushniakiakiv@example.net
Колесниченко,Остап,Романович,Ч,14.04.1941,Випробувач,селище Покровськ,"проспект Штурвальна, буд. 10, Володимир-Волинський, 18005",+380 (54) 142-91-28,piurchyshyn@example.net
Бевз,Володимир,Ярославович,Ч,06.01.1977,Няня,селище Докучаєвськ,"шосе Кутова, буд. 146 кв. 8, Підгайці, 07078",+380 95 421 71 65,wsatsiuk@example.com
Даниленко,Христина,Степанівна,Ж,07.07.1962,Електрик,село Зимогір'я,"площа Проектований 4-й, буд. 6, Хотин, 91064",020 262-39-90,bazylevskyivalentyna@example.com
Швачко,Аліна,Тарасівна,Ж,21.08.1951,Археолог,хутір Винники,"набережна Планетна, буд. 4, Українськ, 45577",733-91-13,wfesenko@example.com
Єрьоменко,Соломон,Ігорович,Ч,19.03.1955,Паблік рилейшнз,селище Ровеньки,"узвіз Лінія 31-ша, буд. 62, Копичинці, 56766",+380 71 721-93-53,kozakartem@example.org
Чуйко,Максим,Анатолійович,Ч,03.11.1971,Водій,селище Корець,"площа Сухолиманна, буд. 16, Українка, 47359",083 303 52 53,jzarudna@example.org
Вахній,Леон,Романович,Ч,04.01.2003,Підприємець,село Путивль,"проспект Шухевича Романа, буд. 5 кв. 932, Вараш, 13600",318-95-19,fumanets@example.net
Міщенко,Розалія,Григорівна,Ж,23.11.1968,Доцент,хутір Хотин,"провулок Новощіпний ряд, буд. 96 кв. 55, Березань, 49122",+380 60 064-47-80,tymchenkoliudmyla@example.org
Щербань,Гаврило,Сергійович,Ч,30.09.1976,Адвокат,село Верхньодніпровськ,"площа Стражеска Миколи, буд. 60, Перечин, 90269",693-98-76,khomenkostepan@example.net
Дубенко,Георгій,Васильович,Ч,22.07.1957,Програміст,селище Марганець,"парк Героїв УПА, буд. 362 кв. 42, Бар, 87749",044 718-01-20,edeineko@example.net
Хорішко,Ярина,Павлівна,Ж,13.09.1958,Пекар,село Очаків,"провулок Молокова, буд. 163, Ковель, 21257",704-07-09,fzubko@example.com
Макогон,Георгій,Павлович,Ч,20.06.1989,Водій,місто Угнів,"узвіз Ключовий 1-й, буд. 844, Василівка, 08344",464-40-30,hryhorii40@example.org
Андрієнко,Зиновій,Романович,Ч,14.06.1979,Літературознавець,селище Вилкове,"вулиця Китобійний 2-й, буд. 801, Снігурівка, 58782",+380 (29) 613-22-27,teodor41@example.com
Юрчишин,Костянтин,Васильович,Ч,12.01.1966,Промисловець,село Ірміно,"набережна Бузковий 2-й, буд. 56 кв. 6, Алчевськ, 10896",+380 95 474-08-41,iefymenkoviktoriia@example.org
Асаула,Вʼячеслав,Вікторович,Ч,07.06.1940,Бібліотекар,хутір Бібрка,"проспект Пересипський узвіз, буд. 3, Бурштин, 79404",041 702-10-08,shyloopanas@example.net
Христич,Яків,Вікторович,Ч,17.07.1978,Геолог,село Радехів,"провулок Тополиний, буд. 8 кв. 049, Нова Каховка, 11116",+380 60 067-51-36,mariiaieromenko@example.net
Носаченко,Надія,Ігорівна,Ж,12.03.2004,Гицель,село Богодухів,"узвіз Деревообробний 2-й, буд. 3 кв. 6, Заставна, 36575",+380 83 079 59 38,mariiavertyporokh@example.org
Оберемко,Орина,Валеріївна,Ж,13.04.1955,Фармацевт,селище Радехів,"узвіз Рибальська, буд. 6, Гірське, 97099",854 22 07,mbezditko@example.org
Кабаненко,Антон,Іванович,Ч,18.07.1951,Кур'єр,місто Вовчанськ,"сквер Ракетна, буд. 275, Берислав, 73686",026 268-42-23,vladyslav12@example.org
Черненко,Орися,Дмитрівна,Ж,14.04.1938,Акушер,хутір Отаманівка,"шосе Карпенка-Карого, буд. 383 кв. 669, Пустомити, 84349",+380 27 562-83-55,sliusarrostyslav@example.com
Вергун,Павло,Васильович,Ч,30.08.1968,Модельєр,хутір Очаків,"парк Строганов міст, буд. 7, Хоростків, 30768",+380 02 395 54 06,aviter@example.org
Гриценко,Пилип,Петрович,Ч,23.11.1941,Реабілітолог,місто Рубіжне,"набережна Топольського, буд. 686, Березне, 31816",664 65 23,ntaran@example.com
Ярема,Ігнат,Анатолійович,Ч,20.07.1964,Історик,місто Любомль,"сквер Марка Твена, буд. 6, Путивль, 71872",+380 47 562 16 26,lukianhuzii@example.org
Давимука,Григорій,Тарасович,Ч,07.04.2000,Льотчик,хутір Володимир-Волинський,"сквер Деревообробний 5-й, буд. 9 кв. 28, Решетилівка, 67421",+380 56 933-91-89,roksolanaokhrymovych@example.net
Вітрук,Пантелеймон,Петрович,Ч,01.12.2007,Астроном,хутір Голубівка,"провулок Чорноморський 6-й, буд. 12 кв. 688, Боярка, 10244",004 150-47-79,ruslanmazur@example.com
Скиба,Амалія,Максимівна,Ж,02.04.1958,Кінолог,хутір Федорівка,"проспект М’ясоєдовська, буд. 32, Рожище, 43169",022 858-43-07,visaievych@example.net
Верхола,Борис,Олександрович,Ч,18.01.1946,Модельєр,місто Новий Розділ,"проспект Вертелецького, буд. 6 кв. 0, Новодністровськ, 19741",016 117-89-36,makar44@example.com
Тимченко,Давид,Богданович,Ч,25.12.1938,Вчитель,село Мукачево,"сквер Олексія Косяченко, буд. 478 кв. 0, Харків, 35777",030 787 25 36,iaryna17@example.org
Полтавець,Володимир,Михайлович,Ч,19.10.1991,Мовознавець,хутір Балта,"площа Рельєфна, буд. 172 кв. 318, Теплодар, 59982",+380 22 593 52 73,mhaida@example.org
Фартушняк,Іван,Андрійович,Ч,28.01.1989,Перекладач,селище Батурин,"вулиця 8-ма Лінія Дачі Ковалевського, буд. 391, Білгород-Дністровський, 96477",828 97 38,zbabarychenko@example.org
Теличенко,Златослава,Віталіївна,Ж,27.09.1978,Стоматолог,селище Златопіль,"набережна Українська, буд. 2 кв. 1, Південне, 13192",862 97 25,jfesenko@example.org
Єфименко,Оксана,Максимівна,Ж,14.08.2003,Письменник,хутір Снятин,"проспект Березова, буд. 989, Українськ, 98782",+380 96 134 27 15,lshablii@example.com
Яковенко,Панас,Ігорович,Ч,31.05.1967,Випробувач,місто Кипуче,"провулок Жевахова, буд. 051 кв. 75, Камінь-Каширський, 51394",+380 63 153-97-09,gvelychko@example.net
Примаченко,Лесь,Максимович,Ч,23.11.1977,Археолог,село Білопілля,"площа Гена Іоганна, буд. 4, Буринь, 90988",+380 24 212-65-70,volodymyra50@example.com
Рубець,Еріка,Михайлівна,Ж,12.09.1980,Реабілітолог,селище Батурин,"сквер Лінія 31-ша, буд. 820 кв. 89, Бунге, 73803",+380 92 849-41-91,iaroslavavakulenko@example.org
Вишиваний,Зорян,Володимирович,Ч,20.01.1994,Піаніст,хутір Покровськ,"сквер Заньковецької, буд. 08, Сарни, 45577",022 732 74 60,tetianatychyna@example.net
Вдовиченко,Анжела,Миколаївна,Ж,18.12.1995,Шериф,хутір Черкаси,"шосе Родоканакі, буд. 94 кв. 4, Ананьїв, 35558",084 466 26 44,malyshkooleh@example.net
Ільченко,Мирослав,Олександрович,Ч,17.02.1991,Редактор,хутір Бібрка,"провулок Чайкова, буд. 027, Ужгород, 28638",092 296 22 66,vadym81@example.com
Шутько,Аркадій,Ігорович,Ч,12.12.2000,Правник,село Судак,"парк Василя Симоненка, буд. 38, Берестечко, 56399",+380 08 789-92-85,omelianpalii@example.org
Фастенко,Валерій,Валерійович,Ч,25.04.1960,Перекладач,місто Чигирин,"парк Кипарисний 3-й, буд. 6 кв. 28, Христинівка, 59245",186-61-89,fedir05@example.com
Хомик,Станіслав,Тарасович,Ч,22.08.1978,Математик,селище Галич,"площа Дігтярна, буд. 318, Хрестівка, 44590",020 026-10-95,andriichukolena@example.com
Батюк,Гаврило,Леонідович,Ч,27.11.1985,Фізик,село Тернівка,"сквер Чубаївський, буд. 5, Олевськ, 77861",+380 04 277-94-01,teslialeonid@example.com
Чайка,Хома,Анатолійович,Ч,21.06.1993,Кінолог,місто Горлівка,"проспект Травневий, буд. 6, Винники, 18260",+380 25 694 66 69,viktoriiadashenko@example.net
Павличенко,Оксана,Володимирівна,Ж,24.08.1960,Графік,село Ананьїв,"парк Олександра Кутузакія, буд. 4, Лутугине, 32330",820-12-98,ustymisaievych@example.org
Андрощук,Богданна,Степанівна,Ж,08.07.2005,Ветеринар,село Саки,"проспект Корнюшина, буд. 7 кв. 03, Красноперекопськ, 78694",+380 13 347-38-05,fzaruba@example.org
Влох,Арсен,Олександрович,Ч,17.03.2008,Співак,село Шумськ,"площа Восьмого березня 6-й, буд. 47 кв. 0, Родинське, 31942",563 43 86,miroshnychenkonestor@example.com
Іщенко,Андрій,Юрійович,Ч,14.01.1963,Економіст,місто Рівне,"набережна Заводська 4-та, буд. 53 кв. 7, Ясинувата, 49275",027 299-30-53,oles21@example.com
Батіг,Еріка,Михайлівна,Ж,03.12.1944,Ріелтор,селище Старий Самбір,"шосе Компасний, буд. 224, Авдіївка, 03687",842-85-97,qkonoplia@example.com
Цимбалюк,Євген,Валерійович,Ч,28.03.1993,Слідчий,селище Березівка,"площа Лиманчик 2-й Лінія 8-ма, буд. 07, Арциз, 49523",+380 96 584-60-75,mykhailynaivanchenko@example.org
Юхименко,Юстина,Іванівна,Ж,02.12.1996,Петрограф,місто Валки,"шосе Гаванна, буд. 4 кв. 664, Нова Одеса, 39342",776 65 71,oksanapavlenko@example.com
Забіла,Сергій,Васильович,Ч,01.02.1971,Електромонтажник,село Бердичів,"парк Літній, буд. 246, Галич, 71613",+380 66 929-17-44,davydmakohon@example.net
Вергун,Вадим,Юрійович,Ч,16.09.1951,Перекладач,місто Теплодар,"шосе Городня, буд. 048, Генічеськ, 15915",+380 (82) 076-95-56,liudmylaromanenko@example.net
Хмара,Венедикт,Ігорович,Ч,29.07.1966,Петрограф,місто Заставна,"провулок Гонтаренко, буд. 50 кв. 2, Гуляйполе, 83873",424-60-14,konopliaustym@example.net
Худобʼяк,Амалія,Сергіївна,Ж,25.01.1992,Флорист,місто Перемишляни,"набережна Олександра Білостінного, буд. 080, Перемишляни, 88100",027 113 65 68,hresoleh@example.org
Сомко,Христина,Сергіївна,Ж,04.06.1971,Літературознавець,селище Лебедин,"вулиця Басейний 6-й, буд. 4 кв. 0, Липовець, 68437",+380 97 050 79 29,veniiamynvlasiuk@example.com
Ляшко,Юстина,Анатоліївна,Ж,11.02.2005,Соціолог,село Вільнянськ,"сквер Штурвальна, буд. 8, Житомир, 60733",+380 21 791 90 59,dupliifrants@example.com
Ільєнко,Климент,Максимович,Ч,16.05.1990,Електротехнік,хутір Дніпро,"вулиця Чорноморський 1-й, буд. 4, Обухів, 62814",087 935-89-74,hzakharchenko@example.com
Ємець,Єфрем,Володимирович,Ч,13.08.2003,Біолог,хутір Лисичанськ,"проспект Мечникова, буд. 8, Інкерман, 91907",+380 46 674 14 77,borysperebyinis@example.net
Фастенко,Софія,Петрівна,Ж,24.10.2003,Ріелтор,хутір Кремінна,"парк Морський 2-й, буд. 513, Вільнянськ, 98335",157-78-01,hvysochan@example.net
Верес,Аарон,Ярославович,Ч,05.10.1978,Петрограф,село Бучач,"проспект Ярморочна площа, буд. 1 кв. 97, Охтирка, 77973",559-31-95,ielysaveta33@example.org
Дробаха,Опанас,Леонідович,Ч,25.03.1980,Електрослюсар,хутір Торецьк,"провулок Донорська, буд. 19 кв. 27, Світлодарськ, 75488",082 599 91 32,zlatoslavasuprunenko@example.com
Орлик,Лариса,Сергіївна,Ж,09.07.1986,Фермер,місто Золочів,"парк Водний, буд. 9 кв. 676, Ромни, 03670",+380 50 540 86 42,marianaiemelianenko@example.org
Овчаренко,Ілля,Валерійович,Ч,27.06.1963,Науковець,хутір Галич,"набережна Савранська, буд. 2, Кривий Ріг, 97322",+380 (87) 376-62-77,mdankiv@example.org
Забарний,Вʼячеслав,Олександрович,Ч,14.01.1950,Правник,місто Бахчисарай,"сквер Крушельницької, буд. 5, Монастирище, 36592",036 230 99 75,iaryna48@example.org
Андрієнко,Олена,Валеріївна,Ж,16.03.1952,Кінокритик,хутір Новоград-Волинський,"набережна Джевецького, буд. 4 кв. 66, Старобільськ, 53912",037 062-53-00,ivashchenkoomelian@example.org
Доценко,Олекса,Андрійович,Ч,02.06.1970,Композитор,село Чистякове,"провулок Паркова, буд. 47, Гайсин, 01909",089 174-45-07,chumakhavrylo@example.com
Стець,Єлисавета,Степанівна,Ж,01.12.1984,Візажист,селище Моспине,"вулиця Мукачівський, буд. 50, Шахтарськ, 96618",+380 76 011-50-73,shylopylyp@example.com
Єфименко,Гліб,Тарасович,Ч,26.12.1960,Маркетолог,місто Покровськ,"провулок Географічний, буд. 9, Ізмаїл, 33206",790 20 62,charnyshodarka@example.com
Бабак,Оксенія,Василівна,Ж,03.04.1990,Футболіст,хутір Кам'янка (Черкаська область),"шосе Деревообробний 3-й, буд. 681, Мар'їнка, 13048",058 04 12,lveres@example.net
Гузенко,Адам,Анатолійович,Ч,18.07.1957,Ювелір,село Броди,"проспект Гвоздична, буд. 417 кв. 921, Славута, 50566",015 265-87-03,charnyshanton@example.org
Онуфрієнко,Стефан,Віталійович,Ч,01.08.1974,Художник,хутір Глобине,"набережна Селищна, буд. 24, Кам'янка-Бузька, 01031",090 581-95-52,veresvalerii@example.com
Лаба,Віра,Григорівна,Ж,19.04.1968,Науковець,місто Іллінці,"проспект Лузанівський 2-й, буд. 8, Виноградів, 61452",517 19 12,ztsisyk@example.net
Франчук,Спас,Романович,Ч,14.05.1986,Програміст,місто Золотоноша,"парк Ф. Пішеніна, буд. 4 кв. 272, Тульчин, 52686",009 105 63 20,zhaivoronoleksa@example.com
Царенко,Розалія,Василівна,Ж,10.02.1986,Фермер,селище Лебедин,"вулиця Нерубайська, буд. 0 кв. 51, Ясинувата, 06439",+380 (74) 765-99-28,anzhela85@example.com
Зубко,Опанас,Андрійович,Ч,21.05.1967,Стоматолог,хутір Покров,"сквер Привокзальний, буд. 5 кв. 232, Ржищів, 51237",183-61-47,ievhen48@example.com
Нестайко,Омелян,Юрійович,Ч,22.07.1940,Адвокат,селище Ірміно,"проспект Лузанівський 1-й, буд. 8, Біла Церква, 54134",+380 (22) 037-25-78,orobetsvalentyna@example.net
Забара,Василина,Богданівна,Ж,02.10.1986,Електромонтер,місто Верхньодніпровськ,"проспект Рульовий, буд. 31, Судова Вишня, 93004",033 410 26 76,vasyl21@example.org
Бандера,Федір,Іванович,Ч,27.06.1984,Євнух,село Долинська,"площа Миколи Троїцького, буд. 9, Тальне, 77882",035 131 81 36,arkadii88@example.com
Чалий,Валерій,Романович,Ч,31.03.1973,Реабілітолог,село Шостка,"площа Весела, буд. 132, Старий Самбір, 25955",615 50 13,mariia76@example.org
Євтушенко,Галина,Дмитрівна,Ж,03.10.1974,Антрополог,село Дніпро,"вулиця Дача Ковалевського, буд. 404, Рудки, 42471",119 87 69,mykhailynazatovkaniuk@example.net
Бабʼюк,Сніжана,Юріївна,Ж,29.12.1965,Журналіст,селище Погребище,"набережна Донорська, буд. 3 кв. 798, Здолбунів, 04654",+380 30 903-60-96,mykytiukiaroslav@example.com
Рябець,Артем,Павлович,Ч,22.08.1978,Кінорежисер,місто Березне,"сквер Льва Симиренка, буд. 79 кв. 57, Тернівка, 13526",978 89 05,qoliinyk@example.com
Штепа,Ярина,Ігорівна,Ж,19.02.1963,Співак,місто Шпола,"набережна Проектований 4-й, буд. 580 кв. 9, Шостка, 89365",099 138 44 82,andriiieroshenko@example.org
Єфименко,Леон,Ігорович,Ч,08.09.1979,Візажист,селище Нова Каховка,"узвіз Сабанський, буд. 3 кв. 350, Новий Буг, 06036",+380 (75) 392-21-83,thavrysh@example.net
Швачко,Прохір,Богданович,Ч,22.08.1960,Журналіст,селище Корець,"сквер Путьова, буд. 71 кв. 7, Кролевець, 22946",+380 94 667-90-24,tymofiikadeniuk@example.com
Вернигора,Теодор,Ігорович,Ч,26.04.1974,Музикознавець,село Чортків,"проспект Привозна, буд. 49 кв. 09, Ялта, 04370",+380 49 338-47-02,sheremetnazar@example.net
Масляк,Сніжана,Романівна,Ж,02.07.1974,Композитор,село Зборів,"набережна Майстерний, буд. 9, Ізюм, 28902",086 547-73-50,spasbabiuk@example.net
Гуцуляк,Пилип,Олександрович,Ч,13.04.1946,Круп'є,село Білицьке,"набережна Штабний, буд. 2, Белз, 11525",019 313-08-57,bohodar78@example.com
Гречко,Олесь,Валерійович,Ч,09.07.1998,Електрик,селище Турка,"сквер Квіткова, буд. 24 кв. 696, Ананьїв, 80377",586-78-04,vatamaniukvladyslav@example.org
Фесенко,Святослава,Богданівна,Ж,08.12.1993,Державний службовець,селище Покровськ,"шосе Лодочний, буд. 956, Белз, 14317",081 202 28 48,korolenkoborys@example.org
Затула,Франц,Михайлович,Ч,08.06.1968,Парфюмер,місто Путивль,"провулок Артилерійська, буд. 08 кв. 7, Радомишль, 96034",+380 79 858-79-94,ftsybulenko@example.com
Баштан,Тетяна,Степанівна,Ж,28.01.1982,Музикознавець,місто Кодима,"набережна Дмитра Іванова, буд. 201 кв. 4, Сколе, 68851",077 000-12-96,batihvenedykt@example.net
Гуцуляк,Михайло,Сергійович,Ч,25.11.1953,Педагог,селище Хотин,"проспект Локомотивний 2-й, буд. 64 кв. 1, Рубіжне, 02889",+380 15 408-24-61,kabramenko@example.org
Байрак,Андрій,Вікторович,Ч,14.11.1980,Модельєр,селище Біляївка,"вулиця Польська, буд. 003, Біляївка, 42442",319 22 28,ostapkaras@example.org
Парасюк,Сніжана,Романівна,Ж,13.10.1972,Журналіст,хутір Середина-Буда,"набережна Бузкова, буд. 22 кв. 92, Старий Крим, 08866",035 937 24 08,czakusylo@example.net
Архимович,Оксенія,Павлівна,Ж,22.01.1994,Психолог,село Амвросіївка,"площа Штильова, буд. 876, Вільногірськ, 29187",049 506 25 83,tdubas@example.net
Їжак,Юстина,Григорівна,Ж,09.03.1950,Швачка,місто Чернівці,"проспект Маршрутна, буд. 436, Вугледар, 07597",762 77 90,syrotenkoieva@example.net
Журавель,Марко,Леонідович,Ч,29.07.1939,Ґрунтознавець,селище Городенка,"набережна Дідріхсона, буд. 758, Жашків, 33345",+380 27 985-94-89,fareniukboleslav@example.net
Удовиченко,Ярослав,Олександрович,Ч,05.07.1940,Актор,село Буськ,"сквер Селищний, буд. 334 кв. 936, Багачеве, 89250",+380 14 752-86-39,gkhomyk@example.net
Міщенко,Варвара,Павлівна,Ж,26.05.1940,Кухар,селище Сіверськ,"сквер Сумська, буд. 30, Євпаторія, 80342",+380 54 340 02 67,haidenkovenedykt@example.com
Яременко,Захар,Богданович,Ч,12.01.1982,Географ,місто Бобровиця,"шосе Будівельний, буд. 2 кв. 861, Глиняни, 91693",675 43 47,martynfranchuk@example.com
Ковпак,Соломія,Валеріївна,Ж,30.03.1949,Фізик,хутір Шахтарськ,"узвіз Слов'янська, буд. 3, Луганськ, 83702",+380 (18) 408-24-99,halynanazarenko@example.net
Черінько,Алла,Тарасівна,Ж,23.03.1972,Математик,село Радехів,"сквер Дальницьке, буд. 46 кв. 7, Павлоград, 64870",013 351 53 37,konoplenkoustym@example.net
Чабан,Леон,Григорович,Ч,09.10.1957,Музикант,місто Перемишляни,"провулок Польова, буд. 574 кв. 3, Пирятин, 85228",838 33 72,lukashdan@example.org
Козак,Борислав,Романович,Ч,22.10.1986,Підприємець,селище Коростень,"набережна Успенська, буд. 764, Коростень, 19081",+380 73 554-41-63,babiukolena@example.net
Охріменко,Алла,Богданівна,Ж,23.01.1983,Композитор,місто Тернопіль,"набережна Дур'янівський, буд. 87 кв. 4, Рахів, 77007",+380 80 771-38-82,ibaranets@example.net
Василашко,Станіслав,Іванович,Ч,21.02.1943,Географ,хутір Донецьк,"вулиця Кавказька, буд. 043, Покровськ, 88353",071 116-96-25,bohuslava38@example.com
Сомко,Макар,Ігорович,Ч,28.05.1967,Кур'єр,селище Авдіївка,"сквер Бісквітний, буд. 4, Монастириська, 81306",409-64-14,hodunokorysia@example.org
Дергач,Прохір,Леонідович,Ч,22.06.1980,Піаніст,село Середина-Буда,"сквер Наявний 7-й, буд. 0, Бердичів, 60357",058 968-83-11,shabliiada@example.org
Іваненко,Назар,Васильович,Ч,11.08.1975,Слідчий,село Хрустальний,"сквер Лінія 51-ша, буд. 5 кв. 4, Тисмениця, 21501",901-92-59,riabetsleontii@example.net
Бабій,Валентин,Володимирович,Ч,07.08.1999,Стоматолог,хутір Узин,"провулок Юхима Фесенка, буд. 0 кв. 643, Вознесенськ, 97423",084 678-30-66,tverdokhlibiaryna@example.net
Приймак,Григорій,Олександрович,Ч,28.06.1999,Флорист,місто Жовті Води,"сквер Пересипський 1-й, буд. 124 кв. 220, Українськ, 26876",479-96-78,cgereta@example.com
Шило,Хома,Іванович,Ч,05.06.1999,Агроном,село Перещепине,"узвіз Аеропортівський 3-й, буд. 1, Березне, 45922",+380 47 307-43-24,pylypenkotetiana@example.net
Бабиченко,Христина,Сергіївна,Ж,04.08.1995,Етнограф,селище Переяслав,"узвіз Лінія 37-ма, буд. 73, Привілля, 87933",+380 61 246-38-04,leopoldvanchenko@example.com
Вахній,Олесь,Тарасович,Ч,16.12.1940,Медик,місто Шахтарськ,"шосе 2-га Лінія Марії Демченко, буд. 315 кв. 95, Яготин, 65534",781-23-10,valenkonataliia@example.org
Затовканюк,Оксана,Вікторівна,Ж,14.07.1962,Ґрунтознавець,село Заліщики,"площа Перший Кришталевий, буд. 969, Іршава, 96875",+380 (91) 380-73-74,ytymchuk@example.net
Ляшко,Сніжана,Віталіївна,Ж,03.05.1953,Фізик,місто Нова Каховка,"набережна Водопровідна, буд. 5 кв. 037, Миколаїв, 19939",+380 (18) 110-63-34,maksymdotsenko@example.org
Карпенко,Маруся,Олександрівна,Ж,04.02.1981,Дипломат,хутір Макіївка,"набережна Бітумна, буд. 3, Мала Виска, 52879",+380 22 739-31-60,khrystynakhrystych@example.org
Щербань,Георгій,Миколайович,Ч,27.07.1987,Секретар,селище Вижниця,"проспект Індійська, буд. 744, Тячів, 36832",728-27-73,tokarrostyslav@example.com
Базилевич,Демʼян,Юрійович,Ч,01.06.2006,Євнух,село Харків,"вулиця Бокаріуса, буд. 50 кв. 8, Голубівка, 12782",288 77 54,havrylenkosymon@example.net
Франко,Ігнат,Сергійович,Ч,01.11.1990,Швачка,селище Златопіль,"провулок Розумовський 1-й, буд. 23 кв. 42, Комарно, 52562",073 037-44-00,ukylymnyk@example.org
Вахній,Варвара,Леонідівна,Ж,10.11.1978,Літературознавець,хутір Світлодарськ,"сквер Гобеленова, буд. 561, Мена, 62054",061 715-94-11,spashuk@example.com
Іщак,Миколай,Степанович,Ч,02.11.2008,Промисловець,хутір Вознесенівка,"набережна Госпітальний, буд. 0 кв. 4, Слов'янськ, 01913",012 649-83-48,klyment69@example.net
Цушко,Левко,Петрович,Ч,23.03.1997,Астронавт,хутір Березівка,"провулок Володимира Хавкіна, буд. 727 кв. 939, Чернігів, 45759",056 827 42 74,psimashkevych@example.com
Семенченко,Орина,Степанівна,Ж,10.01.1956,Паралегал,селище Монастириська,"вулиця Моторна, буд. 427, Коломия, 21606",+380 92 780-82-94,oksana00@example.com
Пʼятаченко,Демид,Васильович,Ч,15.08.1979,Ріелтор,село Нова Одеса,"вулиця Степний 2-й, буд. 2 кв. 22, Севастополь, 81830",550 68 07,omelian36@example.net
Шахрай,Оксенія,Дмитрівна,Ж,14.04.2003,Палеонтолог,місто Бахмут,"парк Новиков міст, буд. 85, Олександрія, 44932",253-53-96,jholyk@example.org
Голик,Богуслава,Валеріївна,Ж,12.06.1994,Ювелір,село Новомиргород,"набережна Іспанський, буд. 507 кв. 91, Батурин, 81585",035 498 35 23,panteleimon81@example.net
Ярош,Левко,Віталійович,Ч,03.08.1967,М'ясник,хутір Довжанськ,"узвіз Грецька, буд. 6, Красногорівка, 11087",+380 60 881-23-00,kostiantyndubyna@example.org
Килимник,Віолетта,Олександрівна,Ж,30.05.2001,Педагог,хутір Миколаїв,"провулок Амбулаторний 1-й, буд. 8 кв. 8, Біла Церква, 28101",+380 49 808-17-91,boleslav22@example.com
Демʼянюк,Микита,Тарасович,Ч,11.09.1981,Ювелір,хутір Турка,"парк Овідіопольський, буд. 3 кв. 793, Гайворон, 91247",+380 26 071-76-31,hordiivyshyvanyi@example.net
Носаченко,Варфоломій,Максимович,Ч,27.12.1976,Географ,село Довжанськ,"парк Театральний, буд. 2 кв. 7, Косів, 48827",+380 15 393-35-37,dhupalo@example.org
Ісаєнко,Емілія,Леонідівна,Ж,30.12.1941,Електромонтер,село Гайворон,"шосе Дальницьке, буд. 2 кв. 0, Бахмут, 70940",081 677-81-27,sviatoslavchumak@example.com
Комар,Тимофій,Богданович,Ч,08.01.1991,Антрополог,хутір Керч,"шосе 4-та Лінія Марії Демченко, буд. 8 кв. 52, Вільногірськ, 70371",691 38 72,zhurbaborys@example.net
Оліфіренко,Тереза,Іванівна,Ж,09.02.2002,Будник,місто Вуглегірськ,"парк Медовий, буд. 9 кв. 308, Могилів-Подільський, 57974",022 978 48 15,lsliusar@example.com
Авдєєнко,Єфрем,Юрійович,Ч,27.08.1980,Стропальник,хутір Судова Вишня,"шосе Павла Чубинського, буд. 644 кв. 8, Українськ, 41295",062 667 06 29,edyta14@example.com
Шинкаренко,Ірена,Анатоліївна,Ж,03.06.1939,Електромонтер,місто Вижниця,"набережна Баштанна, буд. 47, Помічна, 28210",097-07-16,teodor99@example.net
Слюсар,Станіслав,Володимирович,Ч,15.12.1969,Гірник,місто Соснівка,"провулок Аеродромний 1-й, буд. 96, Ірпінь, 05300",+380 79 352-32-09,spastalan@example.net
Цимбал,Станіслав,Михайлович,Ч,20.01.1996,Етнограф,хутір Ківерці,"набережна Різницький, буд. 6, Гайсин, 32987",+380 (87) 863-17-36,datsiukiakiv@example.net
Хомик,Віталій,Васильович,Ч,02.02.1991,Професор,місто Кам'янка (Черкаська область),"провулок Українських Героїв, буд. 0, Яворів, 74611",+380 05 276-47-57,avreliiarkhypenko@example.net
Овсієнко,Алевтин,Сергійович,Ч,13.11.1949,Головний меркшейдер,село Гайсин,"провулок Асташкіна, буд. 71, Мар'їнка, 81963",+380 06 635 36 55,varfolomiibakumenko@example.org
Ванченко,Дмитро,Валерійович,Ч,14.01.1963,Педагог,селище Корсунь-Шевченківський,"узвіз Лазурний 2-й, буд. 00 кв. 25, Новий Буг, 78556",+380 70 899-12-28,myroslavvlasiuk@example.com
Сімашкевич,Григорій,Вікторович,Ч,25.02.1989,Епідеміолог,село Коломия,"сквер узвіз Віталія Блажка, буд. 814, Самбір, 90422",775-85-06,bashtanvolodymyr@example.org
Левченко,Едита,Анатоліївна,Ж,24.10.1979,Намотувальник,хутір Монастирище,"вулиця Лютневий 1-й, буд. 04 кв. 8, Прип'ять, 14909",005 666 91 28,veniiamyn67@example.org
Дуплій,Леонтій,Ярославович,Ч,12.04.1966,Пілот,місто Кіцмань,"сквер Ждахи, буд. 4, Судова Вишня, 38242",+380 30 387-27-55,vashchukmaksym@example.net
Перепелиця,Марія,Вікторівна,Ж,18.03.1941,Мікробіолог,місто Красилів,"проспект Аеропортівський 5-й, буд. 570 кв. 6, Лохвиця, 76132",+380 50 521 97 45,uiermolenko@example.net
Демʼянчук,Артем,Олександрович,Ч,15.12.1971,Мистецтвознавець,село Люботин,"узвіз Бориса Літвака, буд. 1, Золочів, 46834",+380 38 757 40 07,iaroslava92@example.com
Андрійович,Макар,Леонідович,Ч,11.07.1999,Епідеміолог,хутір Дружківка,"провулок Кощового отамана, буд. 47, Долина, 61759",+380 (55) 286-62-34,stanislavandriichuk@example.com
Міщенко,Омелян,Сергійович,Ч,12.11.2002,Фольклорист,село Валки,"узвіз Бодаревського, буд. 0 кв. 493, Бершадь, 84042",013 590-28-84,zredko@example.org
Вовк,Христина,Леонідівна,Ж,20.10.2007,Агроном,хутір Новий Розділ,"площа Дідріхсона, буд. 650, Сватове, 44167",081-05-45,uriabchenko@example.com
Барабаш,Дан,Максимович,Ч,12.12.1952,Ветеринар,хутір Тиврів,"проспект Персикова, буд. 86 кв. 37, Долина, 18300",+380 77 273-99-23,symon39@example.net
Байда,Костянтин,Ярославович,Ч,18.07.2001,Слідчий,село Бучач,"площа Разумовська, буд. 88, Берестин, 69609",+380 12 447-81-58,fedir68@example.com
Рябець,Володимир,Миколайович,Ч,20.05.2002,Намотувальник,хутір Березне,"парк Дніпровська, буд. 4, Верхньодніпровськ, 83008",+380 (95) 601-67-72,serhiiudovenko@example.org
Ребрик,Зорян,Ігорович,Ч,21.06.1981,Публіцист,хутір Вінниця,"парк Андросовський, буд. 89 кв. 91, Горішні Плавні, 20538",+380 04 545-45-52,ishchakpriska@example.com
Ільєнко,Арсен,Степанович,Ч,14.04.1971,Хореограф,село Феодосія,"узвіз Флотський 3-й, буд. 359 кв. 1, Одеса, 94978",+380 01 307-24-94,glytvyn@example.net
Скопенко,Онисим,Віталійович,Ч,04.02.1992,Біолог,місто Судова Вишня,"провулок Моторна, буд. 16, Сторожинець, 91555",+380 78 394 09 84,kkorpaniuk@example.net
Яковенко,Михайло,Петрович,Ч,14.12.1991,Бібліограф,хутір Берислав,"площа Прохоровська, буд. 6, Великі Мости, 88353",295 90 22,teodor96@example.net
Баранець,Давид,Іванович,Ч,12.03.1965,Перекладач,хутір Монастириська,"площа Аеродромний 3-й, буд. 6, Яворів, 19638",051 262 75 70,hanna58@example.org
Яценко,Аліна,Дмитрівна,Ж,13.12.1993,Локсмайстер,хутір Угнів,"площа Бреуса Якова, буд. 36 кв. 370, Бердянськ, 99789",519 48 80,hunkoserhii@example.net
Гавриленко,Марина,Василівна,Ж,08.05.1959,Сантехнік,селище Славутич,"набережна Танкістів, буд. 520, Малин, 35323",+380 78 290 70 30,xkorsun@example.com
Дутка,Валентина,Леонідівна,Ж,08.09.1985,Інженер,місто Черкаси,"узвіз Юрія Коваленка, буд. 08 кв. 0, Скадовськ, 32502",+380 27 607-54-74,artemzhadan@example.com
Забіла,Аліна,Сергіївна,Ж,11.03.1978,Ґрунтознавець,селище Харцизьк,"площа Колонтаївська, буд. 64 кв. 75, Жовті Води, 23109",+380 (50) 169-42-38,ivanychukpriska@example.net
Назаренко,Одарка,Леонідівна,Ж,22.01.1975,Географ,хутір Мар'їнка,"шосе Ремонтна, буд. 35, Деражня, 50893",492-08-90,babiakeduard@example.net
Гузенко,Віталій,Сергійович,Ч,29.08.1949,Нотаріус,селище Мерефа,"набережна Березова, буд. 27 кв. 3, Миргород, 42946",084 628 58 87,wdrozd@example.org
Дейсун,Яків,Степанович,Ч,04.07.1950,Математик,селище Овруч,"вулиця Гвоздичний, буд. 02 кв. 2, Люботин, 12281",+380 75 091-60-08,rebrykprokhir@example.com
Андрусенко,Мирослав,Ігорович,Ч,10.01.1987,Візажист,місто Нове Давидково,"площа 15-та ст. Великого Фонтану пляж, буд. 24, Рогатин, 29883",049 944 76 64,danylenkoalina@example.org
Свистун,Семен,Романович,Ч,06.09.1940,Публіцист,хутір Іллінці,"набережна Чорноморський 6-й, буд. 3, Тернопіль, 27453",+380 78 885-41-54,threchanyk@example.net
Венгринович,Василь,Тарасович,Ч,21.09.1959,Конструктор,село Трускавець,"узвіз Місячний, буд. 090 кв. 993, Добропілля, 38270",+380 (40) 055-01-53,levko34@example.org
Батуринець,Тетяна,Григорівна,Ж,14.03.1979,Намотувальник,хутір Рава-Руська,"узвіз Маковий, буд. 17, Шептицький, 73490",+380 32 477-98-41,pvoblyi@example.org
Данькевич,Яків,Павлович,Ч,01.06.1985,Мікробіолог,місто Дніпрорудне,"сквер Ждахи, буд. 8 кв. 83, Багачеве, 29085",+380 (18) 938-67-35,vasyl69@example.org
Чабан,Орина,Володимирівна,Ж,13.05.1998,Вчитель,село Армянськ,"узвіз Газовий, буд. 154, Богуслав, 23782",561 25 60,hdashenko@example.net
Товстоліс,Азар,Ігорович,Ч,27.02.2002,Піаніст,село Рава-Руська,"площа Восьмого Березня Лінія 1-ша, буд. 839 кв. 547, Лисичанськ, 14978",022 834 18 94,mshynkarenko@example.net
Девдюк,Герман,Григорович,Ч,23.12.1974,Правник,селище Миколаїв,"провулок Басейний 6-й, буд. 6, Ямпіль, 11047",+380 (45) 351-81-64,veniiamyn85@example.net
Зубко,Мартин,Михайлович,Ч,20.05.1985,Кінолог,хутір Галич,"узвіз Радіальний, буд. 750, Заставна, 33034",+380 35 436-19-72,dzhusiukhym@example.com
Хорішко,Аарон,Максимович,Ч,24.02.2004,Модель,місто Отаманівка,"набережна Луїджі Іоріні, буд. 22 кв. 349, Чортків, 14135",090 411-00-33,lhavryliv@example.com
Асаула,Богуслав,Ярославович,Ч,13.08.1973,Антрополог,село Заліщики,"сквер Йозефа Прибіка, буд. 60, Берестечко, 63549",+380 24 031-04-87,snizhanaisaievych@example.net
Рябовіл,Тарас,Анатолійович,Ч,15.08.1972,Зоолог,місто Новий Буг,"площа Квітковий, буд. 122 кв. 3, Іршава, 50832",+380 37 731-72-28,fedir27@example.com
Андріїшин,Тетяна,Андріївна,Ж,10.12.1988,Реабілітолог,село Хорол,"парк Жолкова Бориса, буд. 960, Самар, 30616",+380 (40) 861-05-16,olesonishchuk@example.net
Гузій,Едуард,Анатолійович,Ч,18.07.1975,Драматург,селище Жмеринка,"набережна Клинова, буд. 0, Новоселиця, 26307",+380 (52) 329-97-96,hduplii@example.net
Онищенко,Володимир,Тарасович,Ч,10.02.1969,Професор,селище Білгород-Дністровський,"провулок Чорноморська, буд. 33 кв. 72, Вільнянськ, 52277",+380 23 353 45 19,efesenko@example.org
Онищенко,Аарон,Володимирович,Ч,16.04.1991,Флорист,селище Галич,"площа Чубаївська, буд. 6 кв. 438, Рудки, 64704",+380 (71) 357-95-48,shvachkaarsen@example.com
Зінчук,Ярина,Володимирівна,Ж,17.02.1952,Електромонтажник,хутір Іршава,"узвіз Дністровська, буд. 87 кв. 314, Петрово-Красносілля, 71199",+380 44 263-01-92,halyna16@example.org
Засядько,Демʼян,Богданович,Ч,05.06.1962,Футболіст,хутір Антрацит,"провулок 12-та ст. Великого Фонтану пляж, буд. 6, Світловодськ, 23242",063 72 84,vitalii11@example.net
Гаврилюк,Владислав,Васильович,Ч,30.06.1984,Психолог,місто Косів,"сквер Різницький, буд. 53 кв. 253, Зоринськ, 57124",449 72 33,demiandarahan@example.com
Дерегус,Анастасія,Олександрівна,Ж,23.12.1961,Фольклорист,місто Ровеньки,"набережна Біляївська, буд. 76 кв. 675, Дунаївці, 34540",+380 51 063-90-41,pylyp83@example.org
Щербань,Мирон,Леонідович,Ч,20.02.1942,Електрослюсар,місто Білопілля,"парк Романтиків, буд. 132, Ходорів, 18576",024 654 84 79,iatsenkoedyta@example.org
Супруненко,Еріка,Анатоліївна,Ж,16.12.1987,Громадський діяч,хутір Могилів-Подільський,"провулок Слави, буд. 9 кв. 80, Виноградів, 27527",085 505 83 10,havrylyshynokhrim@example.org
Зінченко,Захар,Степанович,Ч,31.05.1951,Секретар,місто Привілля,"площа Дача Ковалевського, буд. 30, Мала Виска, 90123",+380 89 306-63-40,rostyslav94@example.com
Шухевич,Василина,Ярославівна,Ж,10.03.1988,Секретар,хутір Мена,"вулиця Волова, буд. 7 кв. 61, Берегове, 47738",+380 65 409 14 19,shvachkomartyn@example.org
Павлик,Юхим,Григорович,Ч,30.06.1952,Модель,місто Мелітополь,"набережна Братів Малакових, буд. 93, Самбір, 85965",501-16-87,sviatoslava65@example.com
Заєць,Тереза,Романівна,Ж,05.11.1963,М'ясник,хутір Біла Церква,"узвіз Бориса Нечерди, буд. 1 кв. 10, Умань, 43753",073 580 47 15,nataliia14@example.org
Василевич,Галина,Андріївна,Ж,01.09.1954,Пекар,хутір Верхньодніпровськ,"сквер Біляївська, буд. 292, Узин, 44650",096 557-94-37,esmyk@example.com
Вівчаренко,Леонтій,Іванович,Ч,18.05.1950,Професор,хутір Лутугине,"парк Хімічний 2-й, буд. 663, Вишгород, 14794",031 244-58-12,taras27@example.net
Мірошниченко,Галина,Петрівна,Ж,16.11.1993,Петрограф,селище Пирятин,"шосе Менделе Сфоріма, буд. 33, Вільнянськ, 79406",+380 61 003-88-58,ovsiienkostefan@example.net
Ватаманюк,Марія,Вікторівна,Ж,14.03.1989,Штукатур,село Заставна,"парк Аптекарський, буд. 1 кв. 8, Єнакієве, 46085",+380 (74) 346-87-43,dtsushko@example.net
Юрчук,Олена,Богданівна,Ж,29.03.1989,Ґрунтознавець,селище Хрустальний,"узвіз Житомирський 3-й, буд. 842 кв. 2, Моршин, 91452",+380 55 280-90-31,khoma88@example.net
Ейбоженко,Франц,Романович,Ч,03.03.1997,Водій,місто Старокостянтинів,"парк Валіховський, буд. 1 кв. 750, Шахтарськ, 70173",402 20 32,telychenkovladyslav@example.org
Євдокименко,Марина,Петрівна,Ж,26.11.1963,Правник,село Дунаївці,"узвіз Кустанайська, буд. 80, Самбір, 05345",+380 (81) 856-01-64,boryslavandriishyn@example.org
Луценко,Марина,Богданівна,Ж,30.12.1999,Випробувач,хутір Вижниця,"парк Новосельского, буд. 44 кв. 687, Пологи, 75306",168 72 76,khrystynaumanets@example.net
Харченко,Климент,Богданович,Ч,13.04.1982,Випробувач,село Глиняни,"набережна Трудова, буд. 8 кв. 397, Перемишляни, 18079",092 748 15 28,tdzhun@example.com
Забашта,Марина,Анатоліївна,Ж,23.02.2001,Фотограф,хутір Київ,"площа Володимира Вінниченка, буд. 660, Ланівці, 51065",740-66-77,sofiia64@example.net
Колодуб,Онисим,Іванович,Ч,05.05.1958,Композитор,село Шаргород,"площа Сабанський, буд. 1 кв. 899, Вуглегірськ, 25097",303 98 06,arsenchernenko@example.org
Шухевич,Едуард,Юрійович,Ч,28.07.1980,Патологоанатом,місто Лисичанськ,"вулиця Сєрогодського, буд. 47 кв. 05, Мар'їнка, 11231",015-30-87,myroslav56@example.net
Гоголь,Климент,Анатолійович,Ч,30.01.1995,Каскадер,місто Канів,"сквер Чорничний, буд. 943 кв. 37, Інкерман, 22870",006 746 82 22,liliiadashenko@example.org
Уманець,Михайлина,Максимівна,Ж,08.09.1941,Архітектор,місто Ржищів,"парк 10-та Лінія 6-й ст. Люстдорфської дороги, буд. 25, Кам'янське, 20056",+380 77 037-16-96,spas29@example.net
Радченко,Віра,Віталіївна,Ж,31.01.2003,Ботанік,селище Дунаївці,"сквер Поштова, буд. 869, Полтава, 02915",337 29 34,kovpakonysym@example.org
Шелест,Демид,Степанович,Ч,21.03.1951,Юрист,місто Карлівка,"узвіз Прирейкова, буд. 1, Хмільник, 50270",079 292 81 25,vitrukkyrylo@example.org
Гупало,Валентина,Миколаївна,Ж,16.06.1984,Правник,хутір Старий Крим,"площа Соляний 1-й, буд. 561 кв. 78, Зіньків, 04648",+380 (27) 812-77-66,gdankevych@example.com
Скоробогатько,Михайло,Михайлович,Ч,28.09.1957,Маркетолог,село Добромиль,"вулиця Транспортна, буд. 13 кв. 566, Покров, 23287",025 719 58 80,khoma65@example.org
Гаврилюк,Ірена,Максимівна,Ж,30.05.1959,Гінеколог,місто Вашківці,"сквер Крижанівський, буд. 03, Торецьк, 27765",025 684-15-53,acherednyk@example.com
Устенко,Теодор,Сергійович,Ч,22.03.1965,Мінералог,селище Надвірна,"шосе Томатна, буд. 217, Біла Церква, 71943",+380 27 444 96 65,ckhudobiak@example.net
Шахрай,Едита,Іванівна,Ж,26.05.1990,Епідеміолог,хутір Сіверськодонецьк,"набережна Агрономічний, буд. 4 кв. 020, Гадяч, 65069",060 393-10-65,vernydubliza@example.net
Павленко,Одарка,Сергіївна,Ж,07.09.1954,Маркетолог,селище Старий Крим,"сквер Миколи Бурачека, буд. 2, Сорокине, 77348",021 737 25 56,mandriichuk@example.org
Асаула,Костянтин,Ігорович,Ч,25.08.1969,Медик,село Гайворон,"шосе Куликовський 2-й, буд. 822 кв. 552, Лиман, 33622",122 71 80,xhupalo@example.com
Єременко,Ілля,Тарасович,Ч,27.12.1990,Гицель,місто Тальне,"вулиця Неплія, буд. 063 кв. 98, Сватове, 15657",061-20-51,avreliishchors@example.com
Архимович,Валерій,Віталійович,Ч,14.09.1976,Слідчий,селище Болехів,"сквер Бондарна, буд. 9 кв. 9, Рахів, 50251",+380 05 379-23-68,ftelychenko@example.com
Аврамчук,Антон,Григорович,Ч,16.05.1968,Паблік рилейшнз,хутір Євпаторія,"проспект Ланжеронівська, буд. 81 кв. 39, Бахмут, 74558",+380 59 965-78-44,zabararostyslav@example.net
Христенко,Ліза,Віталіївна,Ж,09.09.1998,Ботанік,місто Житомир,"сквер Радісний, буд. 28 кв. 652, Куп'янськ, 18917",+380 84 070 27 54,kylymnykpriska@example.net
Аронець,Арсен,Володимирович,Ч,15.03.1948,Єгер,хутір Валки,"площа Олександра Юрженка, буд. 0 кв. 753, Сколе, 79190",+380 60 768-27-58,klavdiiastus@example.com
Стельмах,Оксенія,Іванівна,Ж,31.07.1982,Будник,місто Козятин,"проспект Фестивальний, буд. 65 кв. 839, Суходільськ, 83525",039 000-36-95,kiaremchuk@example.org
Єрошенко,Олена,Тарасівна,Ж,18.12.1992,Археолог,село Помічна,"сквер Академіка Заболотного, буд. 917 кв. 8, Генічеськ, 26576",+380 (72) 148-35-07,zlatoslava07@example.org
Жаліло,Роксолана,Валеріївна,Ж,29.08.1983,Скульптор,село Кременчук,"набережна Соляний 4-й, буд. 6 кв. 4, Ходорів, 58555",081 084-02-96,lemeshkoheorhii@example.org
Ющенко,Соломія,Михайлівна,Ж,25.02.1957,Головний меркшейдер,хутір Кролевець,"площа Лиманчик 2-й Лінія 8-ма, буд. 95, Зугрес, 41734",043 276 85 99,myronorlyk@example.net
Вернидуб,Дмитро,Васильович,Ч,08.05.1955,Фрілансер,місто Ланівці,"узвіз Фахова, буд. 3, Жовті Води, 88363",+380 88 515-32-36,ihor19@example.com
Шморгун,Михайлина,Ігорівна,Ж,08.06.1950,Драматург,хутір Чернігів,"сквер Магістральна, буд. 58 кв. 74, Запоріжжя, 05597",+380 94 499-26-81,aaron03@example.com
Вдовенко,Устим,Леонідович,Ч,04.01.1966,Державний службовець,хутір Приморськ,"шосе Палія Семена, буд. 44, Новояворівськ, 94422",084 046-31-21,borys63@example.org
Єщенко,Максим,Михайлович,Ч,10.01.1991,Стиліст,хутір Ужгород,"площа Нескучна, буд. 448, Благовіщенське, 94481",+380 60 378 08 06,maryna30@example.net
Байдак,Тарас,Ігорович,Ч,17.05.1940,Фермер,хутір Оріхів,"шосе Кордонний, буд. 127 кв. 666, Ічня, 43341",+380 21 582-88-35,nestorchervonenko@example.net
Базилевич,Трохим,Михайлович,Ч,09.03.1992,Живописець,хутір Моршин,"шосе Юрія Олеші, буд. 58, Нове Давидково, 76497",+380 93 968-95-89,fedir90@example.net
Абраменко,Надія,Григорівна,Ж,10.10.1991,Електрик,хутір Гуляйполе,"узвіз Слов'янська, буд. 0 кв. 229, Судак, 10847",+380 31 089 30 19,eduardhohol-ianovska@example.net
Гайдай,Антон,Григорович,Ч,05.08.1980,Різноробочий,село Заводське,"вулиця Дзвінка, буд. 1 кв. 33, Вараш, 37297",328 48 67,tereshchenkohavrylo@example.org
Павличенко,Любов,Григорівна,Ж,25.05.1989,Реабілітолог,село Чигирин,"вулиця Естонська, буд. 0, Перещепине, 35976",+380 86 210-47-82,kmalyk@example.net
Худобʼяк,Альберт,Дмитрович,Ч,25.07.1941,Паралегал,місто Брянка,"провулок Капітана Гаврікова, буд. 8, Шпола, 01159",+380 70 725 55 58,ruslan91@example.com
Ярош,Данна,Тарасівна,Ж,12.04.1974,Ґрунтознавець,селище Кагарлик,"парк Геранієва, буд. 802 кв. 6, Зугрес, 55551",+380 73 127-81-63,oberemkoklyment@example.com
Василенко,Пріска,Віталіївна,Ж,01.04.1943,Фармацевт,село Жовті Води,"провулок Восьмого Березня Лінія 1-ша, буд. 023, Скалат, 53133",536-14-63,dmytroviter@example.net
Симоненко,Богдан,Анатолійович,Ч,02.09.1986,Няня,село Олевськ,"вулиця Косий, буд. 76 кв. 18, Кам'янське, 10218",+380 41 660-28-19,mykhailynabaida@example.net
Акименко,Тарас,Іванович,Ч,17.07.1993,Астронавт,місто Скалат,"проспект Дальницьке, буд. 4 кв. 304, Інкерман, 40243",+380 48 149-73-98,iaroslav80@example.com
Дутка,Трохим,Андрійович,Ч,09.07.1971,Мінералог,селище Зоринськ,"площа Садова 1-ша, буд. 2 кв. 348, Білозерське, 84870",+380 59 141 25 52,eskyrda@example.net
Вівчаренко,Єлисей,Ігорович,Ч,18.11.1963,Дизайнер,хутір Коростишів,"сквер Селищний, буд. 617 кв. 08, Скадовськ, 93743",+380 16 204-49-59,zakusylomarta@example.net
Терещенко,Адам,Богданович,Ч,12.11.1955,Мірошник,селище Харцизьк,"сквер Артилерійська, буд. 8 кв. 0, Монастирище, 15218",+380 59 228-51-76,nbezborodko@example.net
Макогон,Ростислав,Михайлович,Ч,13.06.1956,Каскадер,село Білицьке,"провулок Прирейкова, буд. 320, Армянськ, 16688",038 894 74 28,feofanandroshchuk@example.com
Гаєвська,Святослава,Тарасівна,Ж,06.09.1967,Драматург,хутір Коломия,"сквер Басейний 4-й, буд. 9 кв. 65, Сімферополь, 20364",+380 59 481-88-82,dashkevychruslan@example.net
Авдєєнко,Володимира,Андріївна,Ж,27.10.2000,Мірошник,село Барвінкове,"парк Травневий 5-й, буд. 4 кв. 992, Нова Одеса, 10276",+380 15 720-11-53,shtepapavlo@example.com
Стець,Віра,Андріївна,Ж,11.02.1978,Дантист,село Устилуг,"площа Морехідна, буд. 008, Снігурівка, 85455",782 45 57,jiaremchuk@example.com
Авдєєнко,Єва,Андріївна,Ж,25.07.1950,Кінорежисер,місто Марганець,"набережна Михайла Слабченка, буд. 5, Нетішин, 82556",+380 46 308-44-26,fomenkomykyta@example.net
Якименко,Орест,Андрійович,Ч,15.07.1990,Астрофізик,місто Генічеськ,"проспект Камишова, буд. 87, Бучач, 98904",+380 12 296-00-24,ukozachenko@example.com
Тягнибок,Григорій,Анатолійович,Ч,28.03.2000,Дерун,село Глухів,"проспект Совіньйонівський, буд. 83, Вашківці, 39065",312-75-25,avreliiasaula@example.net
Ємельяненко,Федір,Валерійович,Ч,12.10.2004,Шериф,місто Радивилів,"площа Іванова Ігоря, буд. 5, Болград, 11470",016 150-63-15,ymykhaliuk@example.net
Власюк,Валентина,Василівна,Ж,19.10.1958,Зоолог,селище Світловодськ,"провулок Середньофонтанський, буд. 2, Соледар, 01638",+380 11 440 16 27,rkadeniuk@example.org
Устенко,Варфоломій,Ігорович,Ч,18.05.1944,Науковець,хутір Мала Виска,"вулиця Люстдорфський, буд. 7, Новоселиця, 29999",048 619-02-83,ilienkoolha@example.org
Базилевська,Орися,Павлівна,Ж,11.09.1945,Дантист,селище Бровари,"набережна Трамвайна, буд. 596, Скадовськ, 85213",080 460-12-34,eopanasenko@example.org
Романець,Богданна,Сергіївна,Ж,24.01.1975,Круп'є,місто Шостка,"площа 5-та Лінія 6-й ст. Люстдорфської дороги, буд. 727, Вишгород, 41163",094 71 30,izaichenko@example.org
Ткач,Святослав,Богданович,Ч,12.05.2001,Мірошник,місто Радомишль,"набережна Садова 3-тя, буд. 04, Добропілля, 20052",+380 48 103 86 84,marta49@example.net
Козаченко,Юхим,Володимирович,Ч,30.10.1984,Ботанік,село Єнакієве,"проспект Польова, буд. 4 кв. 595, Яворів, 36938",+380 25 691 94 06,dteslia@example.net
Венгринович,Мартин,Васильович,Ч,15.08.1988,Редактор,село Кіцмань,"площа Незамаївська, буд. 719, Жидачів, 15495",+380 58 853 48 37,usykvolodymyra@example.com
Гайдабура,Остап,Михайлович,Ч,13.10.1977,Стиліст,село Львів,"парк Тупиковий, буд. 057 кв. 960, Дніпрорудне, 56520",+380 88 787-37-09,darynakonoplenko@example.net
Атрощенко,Федір,Миколайович,Ч,11.02.1948,Антрополог,селище Українка,"провулок Глухівський, буд. 5, Торецьк, 66088",081 228 30 41,edytaiefymenko@example.org
Сіробаба,Тереза,Анатоліївна,Ж,09.05.1996,Геофізик,село Моспине,"набережна Лінія 43-тя, буд. 712 кв. 44, Тетіїв, 33407",+380 31 882 67 46,ieshchenkovalerii@example.net
Ґалаґан,Пантелеймон,Андрійович,Ч,25.08.1991,Фрілансер,хутір Кременчук,"шосе Альтовий, буд. 16, Біла Церква, 32482",+380 (35) 844-18-60,iryna69@example.net
Джус,Сніжана,Богданівна,Ж,20.12.1998,Юрист,місто Комарно,"сквер Горіхова, буд. 96 кв. 827, Ладижин, 88063",+380 (00) 066-62-47,xhavryshkevych@example.net
Чередник,Теодор,Васильович,Ч,18.01.1978,Археолог,хутір Пологи,"проспект Героїв УПА, буд. 537 кв. 607, Лебедин, 44615",+380 79 303 37 84,ostap94@example.org
Гайворонська,Марʼяна,Ярославівна,Ж,20.11.1972,Локсмайстер,місто Сімферополь,"парк Буджацька, буд. 31 кв. 75, Овруч, 80154",+380 11 825-22-05,makaraverchenko@example.net
Жарко,Данна,Леонідівна,Ж,13.08.1940,Гінеколог,селище Глобине,"проспект Скляний 1-й, буд. 78, Перемишляни, 89661",763-07-42,pustenko@example.org
Засуха,Михайлина,Максимівна,Ж,02.11.1940,Професор,місто Шумськ,"парк Костанді, буд. 34 кв. 5, Решетилівка, 82748",+380 95 451 95 30,leszhaivoron@example.com
Перебийніс,Тимофій,Павлович,Ч,08.04.1938,Складальник,село Білгород-Дністровський,"набережна Дачний 2-й, буд. 52 кв. 70, Мерефа, 09171",+380 72 696-49-93,tsisykleon@example.net
Юрчук,Онисим,Ярославович,Ч,07.12.2005,Слідчий,село Решетилівка,"провулок Чорноморський 12-й, буд. 417, Амвросіївка, 22003",677 50 53,alina34@example.net
Чуйко,Онисим,Максимович,Ч,17.09.1962,Графік,хутір Городенка,"провулок Виноградна, буд. 47 кв. 510, Зіньків, 21431",051 643-49-30,iustymtsiutsiura@example.org
Цісик,Миколай,Дмитрович,Ч,13.09.1982,Сантехнік,селище Алушта,"узвіз Теофіла Фраєрмана, буд. 47, Вільногірськ, 56412",096 639 38 05,nverhun@example.com
Гайворонський,Марко,Богданович,Ч,27.03.1952,Письменник,селище Харків,"площа Ждахи, буд. 09 кв. 45, Лубни, 03787",+380 (76) 111-25-19,kalchenkomyron@example.org
Артеменко,Климент,Романович,Ч,12.07.1978,Диригент,село Суми,"вулиця Якірний, буд. 780, Баранівка, 70436",620-85-75,amaliia08@example.net
Джус,Леон,Анатолійович,Ч,21.09.1967,Співак,селище Чоп,"вулиця Маланова, буд. 24 кв. 523, Дунаївці, 92900",+380 55 426-40-59,babiukmariana@example.net
Вітрук,Оксенія,Павлівна,Ж,20.12.1970,Петрограф,місто Узин,"провулок Сільськогосподарський, буд. 5 кв. 5, Залізне, 93087",053-10-24,shabliiklyment@example.net
Тригуб,Ярина,Іванівна,Ж,27.08.2008,Гірник,місто Переяслав,"проспект Ганса Германа, буд. 517, Могилів-Подільський, 17128",+380 58 327 12 36,kalchenkoboryslav@example.net
Петрик,Аліна,Юріївна,Ж,06.08.1961,Адвокат,село Вугледар,"парк Металістів, буд. 085 кв. 49, Українськ, 85135",296-68-35,androshchukhavrylo@example.net
Вдовиченко,Леонід,Андрійович,Ч,31.12.1959,Слідчий,село Здолбунів,"вулиця Прорізна, буд. 763 кв. 1, Новоселиця, 14636",261-39-50,eibozhenkoiukhym@example.net
Балабан,Святослава,Андріївна,Ж,27.09.2001,Дантист,селище Біла Церква,"провулок Середньофонтанський, буд. 82, Новогродівка, 90738",035 511 35 89,viktoriiavertyporokh@example.com
Перепелиця,Марта,Миколаївна,Ж,07.10.1982,Архітектор,селище Радивилів,"узвіз Флотський 2-й, буд. 03 кв. 43, Лубни, 76072",091 499-81-52,ksmyk@example.org
Ящук,Наталія,Володимирівна,Ж,28.12.1963,Науковець,місто Ясинувата,"набережна Тупиковий, буд. 210, Вараш, 90232",094 630 60 09,eandrusenko@example.net
Алексюк,Богданна,Степанівна,Ж,17.06.1999,Математик,місто Шахтарськ,"шосе Десантний, буд. 3 кв. 2, Здолбунів, 43672",362 71 45,edyta02@example.org
Матвієнко,Борислав,Максимович,Ч,27.07.2008,Фізик,місто Приморськ,"парк Деволанівський узвіз, буд. 67 кв. 42, Часів Яр, 57337",+380 97 253-20-33,liashchenko@example.net
Москаль,Ліза,Василівна,Ж,14.07.2004,Хімік,місто Довжанськ,"сквер Флотська, буд. 983 кв. 643, Підгайці, 57946",017 841-08-99,gdevdiuk@example.net
Кабалюк,Ярослав,Тарасович,Ч,23.05.1977,Мікробіолог,хутір Боярка,"узвіз Дальня, буд. 263, Дубляни, 19711",+380 23 880 59 01,stepanvermenych@example.net
Дробаха,Валентина,Анатоліївна,Ж,14.03.1993,Фрілансер,село Лозова,"вулиця Нечипуренка, буд. 9 кв. 25, Гірське, 42341",053 14 28,volodymyrshtokalo@example.com
Левченко,Камілла,Максимівна,Ж,22.06.1970,Антрополог,хутір Дебальцеве,"набережна Миколи Кравченка, буд. 86, Рожище, 92879",797 86 76,mykytakalenychenko@example.org
Чалий,Пилип,Миколайович,Ч,26.10.1957,Штукатур,селище Бурштин,"вулиця Обсерваторний, буд. 6, Перещепине, 92207",464 00 38,rivanenko@example.org
Колодуб,Миколай,Іванович,Ч,26.08.1960,Підприємець,місто Шаргород,"провулок 9-та Лінія Дачі Ковалевського, буд. 892, Кипуче, 56040",054 718-88-69,danvyshniak@example.com
Заїка,Розалія,Валеріївна,Ж,30.06.2001,Психолог,селище Світловодськ,"сквер Скляна, буд. 7, Ізюм, 15597",+380 (04) 719-39-52,matviienkopetro@example.org
Ткач,Альберт,Миколайович,Ч,28.02.1980,Археолог,місто Вугледар,"узвіз Миколи Бурачека, буд. 363, Березне, 58683",+380 35 153-25-39,kgoliash@example.org
Василечко,Юстина,Григорівна,Ж,20.05.1966,Астронавт,селище Радомишль,"проспект Шухевича Романа, буд. 673, Боково-Хрустальне, 83724",+380 90 120-39-28,olaba@example.org
Базилевич,Віра,Степанівна,Ж,27.02.1964,Редактор,село Мар'їнка,"набережна Золотий берег, буд. 9 кв. 69, Златопіль, 75718",+380 (76) 632-19-29,artemkolisnychenko@example.com
Журавель,Іван,Романович,Ч,22.08.1943,Випробувач,селище Хоростків,"шосе Дзвінка, буд. 90, Феодосія, 67140",+380 57 817 54 79,xaleksiuk@example.com
Венгринович,Ярослав,Петрович,Ч,15.10.1980,Економіст,село Радивилів,"узвіз Василя Кандинського, буд. 9 кв. 8, Сміла, 72969",265 53 78,onufriienkoanita@example.net
Закусило,Орина,Дмитрівна,Ж,13.07.1989,Ветеринар,місто Новомиргород,"сквер Незалежності, буд. 2, Хоростків, 89239",+380 94 059-97-92,martyn00@example.net
Якимчук,Пилип,Володимирович,Ч,09.01.1972,Машиніст,селище Вугледар,"парк Гетьмана Сагайдачного, буд. 6 кв. 6, Нікополь, 73117",337-73-77,gustenko@example.com
