Прізвище,Імя,По бат,Стать,Дата народження,Посада,Місто проживання,Адреса прож,Телефон,Email
Чала,Ірина,Григорівна,Ж,29.08.1972,Гицель,село Добромиль,"провулок Павлова, буд. 775 кв. 6, Куп'янськ, 32009",497 19 41,shukhevychparmen@example.com
Товстоліс,Любов,Ігорівна,Ж,21.09.1949,Державний службовець,хутір Гнівань,"проспект Адольфа Лози, буд. 752 кв. 82, Ямпіль, 70081",+380 26 406-00-62,akonoplenko@example.org
Негода,Тимофій,Максимович,Ч,23.09.1961,Фотограф,хутір Вільнянськ,"парк 13-та ст. Великого Фонтану пляж, буд. 739 кв. 5, Київ, 21120",512-87-58,onysym69@example.org
Голик,Едуард,Віталійович,Ч,12.03.1976,Державний службовець,село Шостка,"шосе Новоукраїнський, буд. 62 кв. 22, Вишневе, 21221",+380 43 134-84-37,batihustym@example.com
Петрик,Роксолана,Павлівна,Ж,13.06.1954,Біолог,селище Болград,"шосе Почаївська, буд. 639, Південне, 98525",801 10 54,xperepelytsia@example.com
Макогон,Борис,Дмитрович,Ч,30.03.1952,Провізор,село Золотоноша,"вулиця Пішонівська, буд. 51 кв. 309, Самбір, 98323",+380 91 866 60 99,liudmylahabelko@example.org
Таран,Богдан,Васильович,Ч,29.07.1972,Каскадер,село Дергачі,"парк Семінарська, буд. 11 кв. 92, Знам'янка, 14460",376-88-86,bebeshkoamvrosii@example.net
Ватаманюк,Михайло,Вікторович,Ч,06.06.1957,Візажист,село Снятин,"шосе Моторна, буд. 9 кв. 9, Ходорів, 61925",010 818-25-71,jfranko@example.org
Василашко,Максим,Васильович,Ч,10.06.1983,Кушнір,село Бучач,"провулок Аеропортівський 6-й, буд. 02 кв. 257, Миргород, 53749",+380 53 049 88 61,vysochantetiana@example.net
Романчук,Іван,Олександрович,Ч,24.08.1995,Ріелтор,місто Шахтарськ,"набережна Чумацька, буд. 7 кв. 29, Алушта, 09681",299 32 68,prokhir80@example.net
Кибкало,Борислав,Сергійович,Ч,08.11.1982,Футболіст,хутір Дніпро,"набережна Скляний 2-й, буд. 606, Косів, 82441",+380 70 678 46 85,trokhym59@example.org
Шило,Степан,Анатолійович,Ч,25.01.1995,Ріелтор,село Городенка,"провулок Карпенка-Карого, буд. 52 кв. 68, Горохів, 74859",+380 (70) 876-89-40,stussemen@example.org
Шахрай,Данило,Іванович,Ч,05.08.1962,Кінокритик,село Костянтинівка,"сквер Поперечний, буд. 9 кв. 45, Павлоград, 65919",065 777-24-78,simashkevychsvitlana@example.net
Івасюк,Борис,Васильович,Ч,04.03.1950,Диригент,хутір Нововолинськ,"провулок Злакова, буд. 5, Стрий, 77978",710 01 17,rvernyhora@example.net
Євдокименко,Зорян,Тарасович,Ч,11.07.2006,Кінорежисер,село Таврійськ,"узвіз Андрія Гулого-Гуленка, буд. 7, Радехів, 86433",+380 53 708-20-04,iefrem29@example.com
Корбут,Емілія,Василівна,Ж,19.09.1975,Режисер,село Кам'янець-Подільський,"провулок Наявний 5-й, буд. 464, Носівка, 48466",004 643-05-39,khudiakavhustyn@example.net
Свистун,Вікторія,Максимівна,Ж,16.09.1963,Кінорежисер,село Рівне,"вулиця Хутірський, буд. 22, Попасна, 72394",+380 (60) 562-16-30,rubansofiia@example.org
Якименко,Анжела,Віталіївна,Ж,26.07.1981,Ді-джей,місто Городок,"узвіз Вінницька, буд. 6 кв. 704, Тальне, 63542",+380 21 926-73-27,gkalchenko@example.com
Артимишин,Наталія,Романівна,Ж,05.01.2004,Бібліограф,місто Южноукраїнськ,"провулок Юзефа Крашевського, буд. 3 кв. 823, Ровеньки, 78611",070 588-45-92,violetta36@example.com
Їжакевич,Лариса,Андріївна,Ж,21.11.1973,Фармацевт,хутір П'ятихатки,"площа Агрономічний, буд. 46 кв. 820, Добромиль, 02736",+380 72 781-47-73,bohuslava21@example.net
Голобородько,Оксенія,Олександрівна,Ж,10.10.1977,Електротехнік,селище Гірник,"шосе Владислава Домбровського, буд. 7 кв. 8, Тиврів, 37189",001 738 57 63,ihnat81@example.com
Скоробогатько,Анастасія,Леонідівна,Ж,12.01.1978,Візажист,село Берестечко,"узвіз Лігінська, буд. 137 кв. 4, Сіверськ, 19604",043 585 71 00,solomiianosachenko@example.com
Ковалюк,Тарас,Дмитрович,Ч,29.12.1990,Фотограф,селище Шахтарськ,"набережна Саймона Літмана, буд. 66 кв. 8, Маріуполь, 50035",043 316 28 40,larysa78@example.com
Єфименко,Орест,Іванович,Ч,13.07.1983,Машиніст,місто Дніпро,"сквер Регенсбург, буд. 783, Самбір, 46348",664 52 22,boryslav95@example.net
Полтавець,Венедикт,Олександрович,Ч,30.07.1985,Правник,селище Боково-Хрустальне,"шосе Академічна, буд. 8 кв. 629, Дергачі, 34717",+380 37 671-24-81,tievtushenko@example.org
Рудько,Аліна,Іванівна,Ж,23.09.1979,Шериф,село Верхньодніпровськ,"узвіз Кам’янецький, буд. 676 кв. 4, Подільськ, 41671",+380 24 978-91-16,semen97@example.org
Якимчук,Нестор,Богданович,Ч,23.03.1970,Паблік рилейшнз,хутір Вільнянськ,"парк Проектований 4-й, буд. 755 кв. 287, Миронівка, 26573",+380 58 505-21-99,havriushenkoieva@example.org
Теличенко,Віталій,Миколайович,Ч,23.09.1945,Модельєр,місто Київ,"набережна Морський, буд. 453 кв. 74, Єнакієве, 60254",+380 (02) 674-92-23,vzinchenko@example.net
Дубенко,Валентина,Ігорівна,Ж,10.12.1941,Складальник,селище Саки,"провулок 17-та Лінія 6-й ст. Люстдорфської дороги, буд. 864 кв. 941, Тернівка, 95248",676-10-50,xdanylchuk@example.net
Редько,Назар,Андрійович,Ч,03.01.1946,Кінорежисер,селище Ржищів,"площа Чорноморський 9-й, буд. 281, Старий Самбір, 41275",+380 05 290-29-94,baranykokseniia@example.org
Конопля,Аніта,Сергіївна,Ж,06.06.1989,М'ясник,хутір Галич,"парк Садова 1-ша, буд. 503, Берестин, 68156",158 24 98,ihnattiahnybok@example.net
Скирда,Софія,Степанівна,Ж,06.04.2001,Бухгалтер,хутір Ворожба,"узвіз Балтський 8-й, буд. 1 кв. 610, Шостка, 98444",+380 18 603 35 56,bbabiuk@example.net
Єрошенко,Святослава,Юріївна,Ж,12.07.1949,Громадський діяч,селище Борщів,"сквер Соляний 6-й, буд. 59, Кам'янка (Черкаська область), 48382",418-49-23,bohdannadzyndra@example.net
Лагода,Одарка,Дмитрівна,Ж,29.05.1968,Швачка,село Сквира,"узвіз Садова 6-та, буд. 01 кв. 418, Коломия, 01078",+380 75 824-20-00,dakhnoviacheslav@example.org
Дрозд,Георгій,Степанович,Ч,16.10.1959,Клоун,селище Яворів,"набережна Лавкова, буд. 824 кв. 676, Люботин, 27709",092 186 53 13,pavloizhak@example.net
Бабиченко,Гордій,Тарасович,Ч,25.09.1988,Програміст,місто Валки,"площа Степний 2-й, буд. 672 кв. 2, Нова Каховка, 42838",+380 65 430 82 41,darahanliubov@example.net
Вергун,Михайлина,Леонідівна,Ж,31.12.1988,Диригент,місто Оріхів,"проспект Чорноморського козацтва, буд. 37, Конотоп, 45298",+380 99 415-63-53,ielyseishyian@example.net
Андрощук,Августин,Ярославович,Ч,14.03.1964,Водій,хутір Дунаївці,"провулок Балтський 2-й, буд. 18, Ямпіль, 09633",755-47-45,kabaliukdaryna@example.net
Затула,Олена,Володимирівна,Ж,20.05.1968,Парфюмер,селище Кодима,"сквер Деревообробний 1-й, буд. 5, Євпаторія, 07913",082 624-38-41,vasylstelmakh@example.com
Приходько,Охрім,Валерійович,Ч,24.03.2004,Пілот,хутір Хрестівка,"набережна Слобідська, буд. 40 кв. 0, Бунге, 65763",134 50 59,vhres@example.net
Вернидуб,Тарас,Михайлович,Ч,02.01.1970,Мікробіолог,село Шостка,"сквер Різдвяна, буд. 855, Южне, 50756",587-76-72,banderasviatoslav@example.com
Тичина,Едита,Анатоліївна,Ж,24.04.1977,Продюсер,місто Олександрія,"провулок Крайня, буд. 93, Голубівка, 25237",+380 32 682-64-56,panteleimon03@example.org
Ґерета,Анастасія,Максимівна,Ж,04.09.1943,Намотувальник,місто Зборів,"шосе Крижанівський, буд. 002 кв. 26, Жашків, 47746",+380 69 760-48-84,davydaronets@example.org
Жученко,Євген,Степанович,Ч,07.08.1938,Епідеміолог,хутір Міусинськ,"провулок Аеропортівська, буд. 0, Луганськ, 39775",+380 16 483-83-69,qbashpolchenko@example.net
Ярема,Арсен,Леонідович,Ч,31.12.1955,Патологоанатом,хутір Теребовля,"сквер Рівності 1-й, буд. 669 кв. 32, Заліщики, 37979",088 669 30 05,tvyshniak@example.org
Тарасенко,Левко,Юрійович,Ч,04.07.1955,Слідчий,селище Лутугине,"провулок Суднобудівний, буд. 80, Мала Виска, 55830",010 789-23-69,ssimashkevych@example.org
Ребрик,Орися,Андріївна,Ж,05.01.2006,Графік,селище Белз,"набережна Танфільєва, буд. 967 кв. 11, Кропивницький, 90407",522 69 43,qvashchuk@example.org
Мірошниченко,Мілена,Тарасівна,Ж,22.03.1988,Єгер,селище П'ятихатки,"провулок Овідіопольська дуга, буд. 055, Долинська, 98363",088 869 18 70,iereskolarysa@example.com
Михалюк,Пантелеймон,Дмитрович,Ч,23.06.1987,Дантист,хутір Кодима,"провулок Цесевича, буд. 29 кв. 6, Старий Крим, 68666",+380 (14) 305-68-80,prokhir72@example.com
Лукаш,Надія,Степанівна,Ж,20.03.1945,Золотар,селище Суходільськ,"узвіз Шампанський, буд. 89, Липовець, 15041",021 08 04,fazhazha@example.com
Ільєнко,Єлисавета,Григорівна,Ж,23.07.1964,Фрілансер,хутір Старокостянтинів,"площа Кришталева, буд. 81 кв. 8, Гірник, 02978",+380 77 174 38 14,marianadzhun@example.org
Лавренко,Ярема,Романович,Ч,25.01.1948,Фермер,місто Тлумач,"проспект Проценка, буд. 9, Липовець, 08112",+380 (16) 760-71-98,klavdiia10@example.net
Кабаненко,Віолетта,Леонідівна,Ж,01.11.1971,Психолог,селище Винники,"площа Планетна, буд. 6 кв. 787, Златопіль, 36669",514 82 83,iaroslavduplii@example.com
Верхола,Роман,Андрійович,Ч,28.07.2003,Кур'єр,село Благовіщенське,"провулок Аеропортівський 3-й, буд. 24, Світловодськ, 60615",+380 40 310 48 05,oryna70@example.org
Хмара,Вʼячеслав,Васильович,Ч,30.05.1960,Паралегал,хутір Олександрівськ,"узвіз Ольгіївська, буд. 56 кв. 964, Берестин, 16970",000 895-91-09,illia11@example.com
Андрієнко,Орися,Степанівна,Ж,29.04.1945,Кінорежисер,хутір Решетилівка,"шосе Китобійний 1-й, буд. 34 кв. 034, Генічеськ, 01745",170-97-85,omelianonishchuk@example.net
Кабаненко,Оксенія,Тарасівна,Ж,11.02.1962,Архітектор,село Мар'їнка,"вулиця Планетна, буд. 03 кв. 318, Іршава, 01093",052-55-85,kybkaloazar@example.org
Рак,Миколай,Валерійович,Ч,25.08.2006,Епідеміолог,хутір Добропілля,"вулиця Дюківська, буд. 8 кв. 9, Сіверськ, 44795",051 033 64 82,zatovkaniukemiliia@example.net
Бабариченко,Варвара,Анатоліївна,Ж,27.08.1996,Паралегал,село Бровари,"вулиця Сумська, буд. 74, Отаманівка, 56723",004 927 01 06,khrystynaiakymenko@example.org
Рудько,Пармен,Дмитрович,Ч,09.04.1992,Агроном,хутір Устилуг,"сквер Чорноморський 8-й, буд. 43, Остер, 42214",092 517 87 27,mykytademianenko@example.org
Колесниченко,Богуслав,Ігорович,Ч,03.08.2008,Астроном,місто Буськ,"вулиця Володимира Антоновича, буд. 767 кв. 549, Валки, 15405",060 961-18-03,elemeshko@example.com
Жук,Остап,Вікторович,Ч,30.01.1940,Геолог,село Іршава,"сквер Мацієвської узвіз, буд. 46, Стебник, 17041",072 83 51,solomiiaiushchenko@example.org
Франчук,Варвара,Валеріївна,Ж,13.09.1946,Бізнесмен,хутір Балаклія,"шосе Мирна, буд. 30 кв. 981, Самар, 68472",851 92 39,vitaliihrechko@example.org
Бандера,Георгій,Степанович,Ч,25.07.1958,Дизайнер,хутір Миколаївка,"узвіз Успенський, буд. 1 кв. 9, Бар, 57669",035 907 37 91,ndankevych@example.com
Голобородько,Аніта,Михайлівна,Ж,20.12.2001,Астронавт,село Хирів,"площа Отонівський, буд. 39, Дубно, 66419",+380 (67) 009-60-41,ogzhytskyi@example.org
Гаєвська,Христина,Богданівна,Ж,25.06.1961,Географ,місто Дніпро,"набережна Китобійний 2-й, буд. 59, Рогатин, 09704",349-53-93,myronvernyhora@example.com
Єрмоленко,Аліна,Анатоліївна,Ж,27.07.1973,Композитор,селище Івано-Франківськ,"площа Офіцерська, буд. 0 кв. 60, Вугледар, 40211",+380 25 220-62-03,serhii77@example.com
Гайворонський,Орест,Юрійович,Ч,28.02.1969,Адвокат,хутір Бахмач,"вулиця Князя Ярослава Мудрого, буд. 93 кв. 8, Ладижин, 10710",+380 08 450 74 68,havryloshamrai@example.org
Чуприна,Антон,Анатолійович,Ч,20.02.1979,Кінокритик,хутір Бахмач,"вулиця Сабанський, буд. 246, Кам'янське, 43335",+380 (85) 681-78-82,kostiantyn36@example.com
Оробець,Олександр,Валерійович,Ч,28.12.1968,Медик,хутір Бар,"набережна Аркаса Миколи, буд. 7, Долинська, 61090",+380 08 461-82-28,omeliankorbut@example.com
Оберемко,Орися,Василівна,Ж,03.04.1941,Редактор,хутір Ізмаїл,"набережна Прибережний, буд. 2, Джанкой, 96587",+380 68 980-46-76,dderevianko@example.com
Ящук,Олекса,Петрович,Ч,30.05.2004,Фізик,селище Севастополь,"вулиця Картамишевська, буд. 23, Свалява, 70966",481 11 41,ykharchenko@example.net
Слюсар,Дарина,Максимівна,Ж,18.07.1969,Актор,село Чорнобиль,"площа Грушева, буд. 5, Тячів, 27025",+380 51 363-60-47,fedirpustovit@example.com
Захарченко,Петро,Андрійович,Ч,12.03.2001,Програміст,село Середина-Буда,"провулок Ключовий 1-й, буд. 47 кв. 5, Дебальцеве, 83033",083 476 60 88,avdieienkovladyslav@example.com
Зінченко,Онисим,Степанович,Ч,11.05.1947,Секретар,хутір Рожище,"провулок Залізнична, буд. 734, Ірпінь, 58309",+380 (61) 151-41-49,les44@example.net
Чумак,Ярослава,Андріївна,Ж,26.01.1975,Живописець,селище Отаманівка,"проспект 21-й км Старокиївської дороги, буд. 612, Великі Мости, 34745",072 338-90-56,mykolai84@example.org
Ґерус,Ярема,Петрович,Ч,24.05.1975,Дерун,село Мукачево,"шосе Віталія Блажка, буд. 048, Оріхів, 97759",012 742-63-04,sbevz@example.org
Піддубна,Богданна,Тарасівна,Ж,13.11.1966,Льотчик,місто Луцьк,"вулиця Оранжерейний, буд. 0 кв. 91, Угнів, 29268",053 908-74-83,mykhailyna16@example.com
Сімашкевич,Марта,Василівна,Ж,14.04.1938,Диригент,місто Гуляйполе,"сквер Виноградна, буд. 7 кв. 982, Підгородне, 30158",366 82 66,dnehoda@example.com
Бабʼюк,Лілія,Миколаївна,Ж,05.12.1975,Мірошник,місто Білгород-Дністровський,"вулиця Прибережний, буд. 69, Судак, 50537",064 646-75-96,myroslav45@example.org
Микитюк,Богуслав,Ігорович,Ч,16.10.1995,Етнограф,селище Овруч,"вулиця Промисловий, буд. 623 кв. 24, Камінь-Каширський, 02195",+380 41 248-75-30,zabaraihnat@example.org
Харченко,Надія,Валеріївна,Ж,05.12.1969,Електромонтер,село Моршин,"узвіз Аграрна, буд. 462, Лозова, 22648",+380 83 443 71 15,bohuslavaavdieienko@example.net
Чаленко,Еріка,Сергіївна,Ж,13.10.2002,Актор,місто Носівка,"проспект Валерія Самофалова, буд. 24 кв. 8, Сорокине, 34367",071 777-19-90,vkashchenko@example.net
Філіпенко,Руслан,Юрійович,Ч,08.04.1943,Художник,селище Стрий,"шосе Вернидуба, буд. 1, Охтирка, 12968",565 74 33,tkaras@example.org
Демиденко,Руслан,Володимирович,Ч,30.06.1985,Актор,місто Острог,"вулиця Слобідський узвіз, буд. 29, Ананьїв, 40572",+380 (65) 447-36-87,ivanychukoleksa@example.net
Худяк,Володимир,Віталійович,Ч,06.06.1978,Конструктор,селище Інкерман,"парк Тупиковий 2-й, буд. 277, Новоселиця, 87843",+380 78 612-11-08,hanna13@example.com
Ірванець,Захар,Дмитрович,Ч,07.12.1996,Електрик,хутір Ірміно,"провулок Святослава Ріхтера, буд. 934, Кропивницький, 38206",717-29-62,davramchuk@example.org
Яковенко,Едуард,Васильович,Ч,09.06.1976,Музикознавець,хутір Лохвиця,"сквер Амбулаторний, буд. 94 кв. 421, Красногорівка, 13061",747-31-79,ekhmara@example.com
Христич,Геннадій,Степанович,Ч,09.01.1993,Будник,місто Севастополь,"сквер Чернишевського, буд. 08 кв. 016, Монастирище, 93158",+380 54 859-03-94,skozak@example.net
Іваничук,Прохір,Віталійович,Ч,26.04.1955,Ді-джей,хутір Тиврів,"сквер Сергія Ейзенштейна, буд. 9 кв. 84, Благовіщенське, 29502",+380 01 752-43-71,piatachenkoarkadii@example.org
Шевченко,Варфоломій,Степанович,Ч,22.12.1995,Публіцист,село Приморськ,"сквер 5-та Лінія Марії Демченко, буд. 7 кв. 8, Апостолове, 31138",+380 (38) 466-84-29,hresorest@example.org
Рябець,Борис,Максимович,Ч,11.09.1983,Локсмайстер,село Нове Давидково,"площа Навігаційний, буд. 867, Рогатин, 04946",+380 44 489 59 80,haidamakaiefrem@example.org
Дацюк,Євген,Тарасович,Ч,24.10.1939,Гінеколог,село Армянськ,"набережна Евлії Челебі, буд. 95, Кіцмань, 04159",394-61-85,dankivzorian@example.net
Назаренко,Юстим,Петрович,Ч,03.12.1948,Прокурор,хутір Бахчисарай,"парк Райдужна, буд. 810 кв. 06, Миколаївка, 83213",+380 01 113-62-59,shchorsvasyl@example.org
Кармалюк,Остап,Григорович,Ч,22.05.1994,Стропальник,хутір Боярка,"площа Олександра Блока, буд. 9 кв. 39, Зимогір'я, 45842",027 45 45,kostiantynalekseienko@example.net
Затула,Захар,Степанович,Ч,07.02.1949,Педагог,хутір Горішні Плавні,"набережна Десантний, буд. 64 кв. 02, Моршин, 57129",+380 78 187-24-94,albina46@example.org
Фартушняк,Спас,Володимирович,Ч,31.01.1988,Прокурор,хутір Павлоград,"сквер Лінія 53-тя, буд. 80, Вишневе, 19205",+380 01 134 43 39,gvdovychenko@example.org
Макаренко,Мілена,Тарасівна,Ж,04.06.1968,Льотчик,селище Верхівцеве,"проспект Незалежності, буд. 3 кв. 62, Самар, 11283",033 762-16-35,rkashchenko@example.net
Ярема,Зиновій,Анатолійович,Ч,18.06.2004,Каскадер,хутір Дубляни,"шосе Республіканська, буд. 91 кв. 688, Бучач, 33483",127 50 04,mykhailyna16@example.net
Василашко,Теодор,Богданович,Ч,23.05.1949,Кінолог,село Звенигородка,"шосе Семафорний, буд. 60, Запоріжжя, 06919",078 467-66-50,nustenko@example.com
Гаврилець,Охрім,Тарасович,Ч,18.04.1944,Літературознавець,хутір Таврійськ,"провулок Пересипська 3-тя, буд. 164, Сокологірськ, 58853",+380 01 017-16-32,ivan95@example.org
Тимченко,Тимофій,Анатолійович,Ч,24.03.1970,Філолог,село Заліщики,"узвіз Деволанівська, буд. 912, Олевськ, 20724",+380 (04) 718-90-00,heorhii83@example.net
Єрьоменко,Мартин,Валерійович,Ч,29.12.1962,Кінокритик,місто Трускавець,"проспект Дюківський сад, буд. 568, Павлоград, 52459",288 93 64,tsymonenko@example.org
Алексійчук,Аніта,Іванівна,Ж,19.03.1939,Шериф,місто Вуглегірськ,"площа Небесної Сотні, буд. 775 кв. 457, Олександрівськ, 86011",054 625 20 71,hzhuk@example.com
Яценко,Амалія,Тарасівна,Ж,10.09.1991,Науковець,хутір Броди,"набережна Академіка Богатського, буд. 03, Борзна, 10653",+380 (92) 317-50-90,larysaakymenko@example.org
Павленко,Сергій,Сергійович,Ч,09.04.1978,Геофізик,місто Мала Виска,"проспект Лузанівка, буд. 0 кв. 462, Мар'їнка, 69528",+380 87 344-73-70,prykhodkozorian@example.net
Василевич,Аркадій,Віталійович,Ч,05.01.1998,Фотограф,селище Українськ,"вулиця Путівна, буд. 155, Бунге, 64247",+380 78 096-96-93,lpushkar@example.com
Данчук,Микита,Юрійович,Ч,10.02.1962,Візажист,хутір Козятин,"площа Цегляна, буд. 400, Олешки, 04758",+380 48 872-47-43,zubkovioletta@example.org
Швайка,Ярослава,Степанівна,Ж,23.07.1990,Маркетолог,селище Радехів,"провулок Луганська, буд. 194, Єнакієве, 21575",+380 92 699-82-80,fedirievtushenko@example.org
Фурс,Дмитро,Дмитрович,Ч,25.09.1954,Ботанік,село Шепетівка,"проспект Жасминна, буд. 48, Остер, 05003",+380 85 456-53-83,anton49@example.net
Влох,Ярослав,Віталійович,Ч,11.06.1956,Ґрунтознавець,село Рені,"парк Український 2-й, буд. 11, Бердичів, 49862",513-24-76,mykyta67@example.org
Дейнеко,Устим,Максимович,Ч,23.07.1966,Реставратор,місто Харків,"вулиця Шептицького, буд. 197 кв. 5, Борислав, 48441",+380 49 810-27-31,viratytarenko@example.org
Терещенко,Аврелій,Сергійович,Ч,23.07.1977,Водій,село Чуднів,"вулиця Лугова, буд. 48, Лозова, 29678",+380 (79) 950-14-56,nadiia46@example.org
Дутка,Вадим,Юрійович,Ч,05.10.1972,Композитор,селище Обухів,"сквер Святослава Ріхтера, буд. 6, Залізне, 18416",060 883-48-87,jderhach@example.org
Лесик,Тарас,Миколайович,Ч,29.07.1958,Дантист,село Гола Пристань,"парк Балтський 7-й, буд. 4 кв. 6, Деражня, 05853",+380 81 311 25 93,myronnazarenko@example.org
Вітрук,Зиновій,Валерійович,Ч,06.12.1989,Підприємець,місто Люботин,"вулиця Керченська, буд. 6 кв. 16, Глухів, 02231",+380 22 763-86-79,lestryhub@example.org
Байдак,Христина,Сергіївна,Ж,24.08.1978,Диригент,село Помічна,"парк Кременецький, буд. 87, Новомиргород, 92892",017 87 24,prytuladan@example.net
Годунок,Геннадій,Миколайович,Ч,13.03.1986,Промисловець,місто Миронівка,"шосе Менделе Сфоріма, буд. 2 кв. 182, Гнівань, 76963",390-40-38,eibozhenkooryna@example.com
Ільєнко,Мирослав,Петрович,Ч,29.05.1955,Психолог,хутір Радивилів,"парк Світлий, буд. 62, Алчевськ, 90549",+380 59 789-09-60,tokarmaryna@example.com
Левченко,Єва,Сергіївна,Ж,27.10.2005,Кушнір,селище Вовчанськ,"узвіз Бориса Літвака, буд. 29 кв. 2, Глухів, 80679",+380 26 865 83 03,iustymhavrylyshyna@example.org
Заруба,Сергій,Анатолійович,Ч,03.02.1977,Мірошник,хутір Кам'янка (Черкаська область),"вулиця Поштова, буд. 69, Глобине, 18205",239 98 46,nestorchumak@example.net
Удовиченко,Панас,Андрійович,Ч,15.03.1942,Географ,селище Інкерман,"набережна Лузанівський 1-й, буд. 23 кв. 5, Чорноморськ, 10341",+380 08 556 02 25,phuzii@example.org
Михайлюк,Анастасія,Володимирівна,Ж,24.09.2001,Бухгалтер,село Дубровиця,"проспект Супутників, буд. 439, Обухів, 95037",675 16 68,ztychyna@example.net
Вдовиченко,Франц,Петрович,Ч,07.02.2001,Паблік рилейшнз,село Радомишль,"сквер Лютнева, буд. 5 кв. 3, Бучач, 15328",+380 95 553 47 81,ielysei95@example.org
Дерегус,Кирило,Максимович,Ч,07.01.1972,Льотчик,місто Мирноград,"площа Віталія Гуляєва, буд. 33, Новоселиця, 59235",+380 12 512-86-54,wartymyshyn@example.com
Абрамчук,Левко,Сергійович,Ч,21.04.1979,Живописець,село Апостолове,"узвіз Деревообробний 1-й, буд. 859 кв. 97, Сновськ, 78440",+380 92 819-44-78,valerii32@example.org
Рубець,Христина,Анатоліївна,Ж,08.01.1977,Медик,хутір Мелітополь,"площа Вапняний 1-й, буд. 41, Рубіжне, 83226",+380 07 110-35-28,nazarieremenko@example.com
Гавришкевич,Орися,Дмитрівна,Ж,21.11.2004,Літературознавець,селище Новий Розділ,"набережна Іванова Ігоря, буд. 4 кв. 12, Дергачі, 98885",+380 69 638-16-44,anastasiiakylymnyk@example.org
Шинкаренко,Лариса,Богданівна,Ж,08.02.1965,Гірничий інженер,хутір Стебник,"провулок Восьмого березня 3-й, буд. 6 кв. 261, Долинська, 35197",+380 40 490-20-65,danchenkodanna@example.org
Ажажа,Іван,Іванович,Ч,07.01.2005,Реабілітолог,село Хуст,"сквер Поперечний, буд. 53 кв. 890, Золотоноша, 12801",+380 (71) 722-19-21,lizachekaliuk@example.org
Кальченко,Варфоломій,Богданович,Ч,30.01.1940,Ґрунтознавець,хутір Кипуче,"провулок Гранатний, буд. 7 кв. 142, Генічеськ, 31859",+380 65 049-19-60,hordii56@example.org
Корпанюк,Сергій,Петрович,Ч,31.01.1989,Фермер,селище Рахів,"набережна Аеропортівська, буд. 8 кв. 4, Бершадь, 93652",698 65 54,frankoiarema@example.net
Їжакевич,Ярина,Валеріївна,Ж,28.06.1957,Державний службовець,селище Ічня,"набережна Компасний, буд. 66, Джанкой, 58179",+380 (36) 169-02-79,varvaraokhrimenko@example.net
Артимович,Златослава,Павлівна,Ж,07.04.1996,Математик,селище Новомиргород,"узвіз Тираспольська, буд. 9 кв. 844, Лубни, 53757",174 90 03,pylyp54@example.com
Даньків,Стефан,Павлович,Ч,06.01.1948,Професор,місто Костопіль,"провулок Озерна, буд. 9 кв. 13, Волноваха, 02751",090 595-02-03,shynkarenkodemyd@example.net
Рудик,Артем,Миколайович,Ч,16.09.1971,Зоолог,місто Біляївка,"сквер Андрія Гулого-Гуленка, буд. 1 кв. 194, Монастириська, 74683",+380 58 071-10-91,omelian50@example.com
Дутка,Веніямин,Романович,Ч,09.09.1976,Драматург,місто Немирів,"вулиця Степна, буд. 5, Чуднів, 78127",+380 (46) 085-11-70,ustymhuk@example.net
Тесленко,Пантелеймон,Володимирович,Ч,16.10.1963,Агроном,хутір Люботин,"набережна Чернігівський, буд. 83, Джанкой, 34467",630-04-35,ruslan29@example.com
Павлик,Орест,Васильович,Ч,04.11.1951,Музичний редактор,місто Гірське,"шосе Гонсіоровського, буд. 667, Підгородне, 51882",051 349-03-43,shchyrytsiamartyn@example.net
Щириця,Алевтин,Тарасович,Ч,23.05.1959,Історик,хутір Городище,"узвіз 2-га Лінія 4-ї ст. Люстдорфської дороги, буд. 5 кв. 3, Умань, 04612",+380 (99) 029-83-08,piatachenkosviatoslava@example.com
Вітрук,Адам,Тарасович,Ч,10.07.1959,Маркетолог,хутір Рудки,"площа Лиманчик 2-й Лінія 11-та, буд. 30 кв. 63, Горішні Плавні, 25222",592-55-53,qnesterenko@example.com
Давимука,Софія,Валеріївна,Ж,07.01.1944,Водій,місто Кагарлик,"шосе Гоголя, буд. 401 кв. 7, Чуднів, 24172",927 35 02,dbaran@example.org
Вахній,Пантелеймон,Анатолійович,Ч,03.09.1984,Кур'єр,село Городок,"набережна Іспанська, буд. 53 кв. 6, Мирноград, 28730",912-50-36,mmiroshnychenko@example.org
Бандура,Демʼян,Романович,Ч,05.05.2008,Співак,хутір Білопілля,"набережна Прохоровський, буд. 23 кв. 3, Яремче, 09709",+380 (28) 073-64-92,iarema52@example.net
Зінкевич,Адам,Тарасович,Ч,18.09.2003,Мікробіолог,хутір Алупка,"сквер Північний, буд. 114 кв. 81, Куп'янськ, 31422",529 05 31,petrochubai@example.org
Дахно,Охрім,Анатолійович,Ч,01.07.1964,Лікар,село Помічна,"провулок 10-та Лінія 6-й ст. Люстдорфської дороги, буд. 99 кв. 99, Баштанка, 66555",+380 19 991 93 35,redkoboleslav@example.org
Базилевський,Левко,Сергійович,Ч,29.10.1999,Гицель,селище Покров,"площа Спаський, буд. 337 кв. 424, Монастириська, 62953",867 66 10,hennadii31@example.net
Василечко,Устим,Миколайович,Ч,26.03.1972,Педагог,село Новомиргород,"вулиця Лузанівський 2-й, буд. 98, Кіцмань, 81425",+380 08 002-63-83,panteleimonskyba@example.net
Калениченко,Давид,Анатолійович,Ч,07.07.1960,Професор,місто Олешки,"парк Всеволода Змієнка, буд. 523 кв. 355, Зугрес, 75747",+380 (63) 568-52-85,omelianvitruk@example.com
Баштан,Богдан,Дмитрович,Ч,26.12.2004,Ріелтор,селище Ковель,"площа 6-та Лінія 6-й ст. Люстдорфської дороги, буд. 880, Інкерман, 32407",+380 92 291 42 97,mdrozd@example.net
Андрійович,Георгій,Павлович,Ч,09.04.1993,Кіноактор,хутір Болехів,"сквер Кладовищенська, буд. 2 кв. 7, Курахове, 56648",042 967-27-63,ziushchenko@example.org
Перебийніс,Богуслав,Володимирович,Ч,29.12.1984,Доцент,село Чернівці,"вулиця Павла Зеленого, буд. 7 кв. 33, Нікополь, 39883",+380 40 394-43-05,taras43@example.net
Шморгун,Альбіна,Тарасівна,Ж,05.06.1987,Реставратор,селище Деражня,"парк Шевальових, буд. 6 кв. 7, Кіцмань, 21349",431-50-92,roksolanahabelko@example.com
Удовенко,Еріка,Юріївна,Ж,06.08.1965,Детектив,село Запоріжжя,"узвіз Пісочна, буд. 492, Олександрівськ, 71175",744-44-23,boryslavarsenych@example.org
Гуцуляк,Світлана,Іванівна,Ж,28.08.1997,Краєзнавець,селище Торецьк,"парк Москеті, буд. 83 кв. 207, Шаргород, 68959",092 615 92 63,kolesnychenkoamaliia@example.net
Ґерус,Гаврило,Леонідович,Ч,18.12.1955,Графік,село Новоселиця,"узвіз Лінія 42-га, буд. 50 кв. 1, Сімферополь, 08561",+380 87 430 70 65,shmorhunherman@example.org
Товстоліс,Пармен,Васильович,Ч,01.10.1998,Різноробочий,хутір Винники,"провулок Молодіжна, буд. 2, Миронівка, 23978",+380 (09) 744-26-14,vadym34@example.net
Ґжицька,Людмила,Павлівна,Ж,30.11.1940,Кінорежисер,хутір Монастириська,"проспект Спиридонівська, буд. 60 кв. 375, Новояворівськ, 93551",011 010-04-69,iakivperebyinis@example.org
Давиденко,Орина,Олександрівна,Ж,20.03.1971,Детектив,місто Герца,"шосе Каретний, буд. 2, Красилів, 98880",+380 71 635 73 67,azar50@example.net
Бабак,Орися,Степанівна,Ж,31.03.1962,Євнух,село Шептицький,"площа Деволанівська, буд. 885, Сквира, 28724",+380 76 214-02-57,andriiovychdavyd@example.org
Верменич,Ярослав,Степанович,Ч,30.09.1979,Дизайнер,селище Світлодарськ,"провулок Артура Савельєва, буд. 41, Тячів, 68415",020 958 73 69,jneporozhnii@example.net
Данькевич,Ярина,Андріївна,Ж,15.05.1973,Композитор,селище Долинська,"набережна Карпатська, буд. 25 кв. 18, Отаманівка, 60284",522 79 71,zinchenkovadym@example.com
Нестайко,Прохір,Дмитрович,Ч,19.05.2006,Візажист,селище Славута,"провулок Чернігівська, буд. 0, Прип'ять, 75981",+380 19 004-27-33,shukhevychada@example.com
Харченко,Данна,Степанівна,Ж,14.08.1953,Психолог,хутір Іллінці,"шосе Севастопольський, буд. 5 кв. 132, Буринь, 32405",730-96-30,lkhmara@example.org
Демʼяненко,Феофан,Тарасович,Ч,24.01.1990,Палеонтолог,селище Косів,"провулок Новощіпний ряд, буд. 58 кв. 3, Жовті Води, 87485",+380 (56) 834-12-98,osirchenko@example.org
Швайка,Марія,Миколаївна,Ж,13.02.1987,Бібліограф,хутір Старобільськ,"шосе Мирна, буд. 075, Татарбунари, 20257",383 32 93,viktorbaturynets@example.org
Овсієнко,Франц,Степанович,Ч,16.10.1942,Кушнір,хутір Чорнобиль,"проспект Андросовський, буд. 42, Лохвиця, 31835",023 483-73-01,ogoliash@example.org
Ґоляш,Павло,Валерійович,Ч,20.08.1999,Живописець,місто Благовіщенське,"шосе Богуна, буд. 591 кв. 719, Світловодськ, 31788",433-25-67,anton01@example.com
Шахрай,Марія,Максимівна,Ж,15.07.1953,Драматург,хутір Броди,"провулок Шептицького, буд. 4 кв. 42, Міусинськ, 67566",044 795-18-91,davydvdovenko@example.org
Шморгун,Марія,Тарасівна,Ж,12.02.2002,Фрілансер,село Куп'янськ,"провулок Лінія 29-та, буд. 342 кв. 80, Жидачів, 97320",+380 (06) 320-80-35,lukian25@example.org
Євдокименко,Григорій,Андрійович,Ч,23.07.1997,Кінорежисер,місто Барвінкове,"узвіз Одеської громади, буд. 1 кв. 746, Новогродівка, 64336",070 118-69-15,markozubko@example.com
Бевзенко,Емілія,Юріївна,Ж,30.04.2000,Реставратор,село Залізне,"парк Чумацька, буд. 481 кв. 5, Донецьк, 98541",+380 44 317-89-15,aderhach@example.com
Перепелиця,Соломія,Максимівна,Ж,01.12.1998,Доцент,селище Хмільник,"парк Севастопольський, буд. 8 кв. 851, Деражня, 81907",+380 83 340-64-02,trokhym97@example.net
Рябченко,Борис,Юрійович,Ч,05.01.2001,Кур'єр,хутір Великі Мости,"сквер Садиковська, буд. 6 кв. 155, Буча, 55942",+380 97 070-39-54,sahalmarta@example.com
Яремків,Спас,Петрович,Ч,07.07.1962,Музикознавець,село Хрустальний,"сквер Нескучна, буд. 406, Хотин, 54897",088 098 13 04,adam81@example.net
Бгиденко,Єфрем,Михайлович,Ч,22.07.1988,Реабілітолог,хутір Луганськ,"набережна Олешківська, буд. 27 кв. 14, Великі Мости, 74162",093 529 40 72,rozaliiashynkarenko@example.org
Іваничук,Геннадій,Миколайович,Ч,17.12.1997,Медик,село Подільськ,"площа Середня, буд. 91 кв. 6, Стебник, 35179",+380 05 680 07 50,mykyta99@example.com
Корсун,Степан,Іванович,Ч,25.01.1988,Слідчий,хутір Скадовськ,"провулок Пейзажна, буд. 22 кв. 98, Судак, 32380",099 52 66,borys67@example.com
Чуйко,Дарина,Олександрівна,Ж,13.04.2003,Адвокат,хутір Торецьк,"шосе Гонтаренко, буд. 2, Борщів, 29455",976 90 86,teodorvdovenko@example.org
Свистун,Іван,Михайлович,Ч,02.06.1973,Кушнір,село Сіверськ,"набережна Шкіперська, буд. 180 кв. 431, Новомиргород, 28882",+380 (02) 863-86-55,teodorverhun@example.org
Удовиченко,Остап,Миколайович,Ч,11.06.1978,Фольклорист,селище Малин,"шосе Озерна, буд. 41 кв. 88, Новодружеськ, 11543",+380 18 329 82 08,xveres@example.org
Зубко,Пилип,Григорович,Ч,03.11.1959,Редактор,село Миколаїв,"узвіз Лиманчик 2-й Лінія 5-та, буд. 3 кв. 500, Болехів, 78475",+380 27 784-56-90,chalaoleksa@example.net
Акименко,Ірина,Миколаївна,Ж,09.01.1990,Науковець,селище Красноперекопськ,"проспект Центральний аеропорт, буд. 8, Нова Каховка, 54145",093 622-57-96,hodunokstefan@example.org
Давиденко,Орина,Дмитрівна,Ж,22.02.1957,Епідеміолог,селище Златопіль,"набережна Одеської громади, буд. 49 кв. 648, Шептицький, 66954",750-29-24,danylenkoanton@example.com
Дацюк,Антон,Григорович,Ч,28.01.1950,Науковець,село Соснівка,"сквер Дальницьке, буд. 3 кв. 34, Арциз, 41754",+380 97 716-37-87,pfesenko@example.org
Юрчук,Марʼяна,Ярославівна,Ж,01.03.2004,Каскадер,хутір Звенигородка,"узвіз Польова, буд. 6, Біла Церква, 13262",+380 27 710-80-76,barabashstepan@example.org
Бабʼяк,Пантелеймон,Віталійович,Ч,24.09.1996,Музикознавець,селище Берегове,"парк Ф. Пішеніна, буд. 932, Тиврів, 61598",170-56-60,cdeineka@example.org
Авдєєнко,Клавдія,Дмитрівна,Ж,08.09.1995,Пекар,село Біла Церква,"проспект Лінія 43-тя, буд. 8, Українка, 98297",060 468 79 10,bchornovil@example.net
Пелех,Леонтій,Миколайович,Ч,14.03.1940,Бухгалтер,місто Щастя,"провулок Затишна, буд. 517 кв. 639, Почаїв, 48210",+380 23 899-41-45,piarosh@example.net
Андрусенко,Єва,Григорівна,Ж,29.07.1970,Етнограф,місто Жовті Води,"шосе Садова, буд. 227, Боярка, 91109",+380 64 267-29-01,biemets@example.net
Дейнека,Михайлина,Сергіївна,Ж,14.10.1970,Золотар,селище Мирноград,"парк Чехівського, буд. 97 кв. 3, Інкерман, 85881",807-52-84,dankevychanton@example.net
Бабій,Ростислав,Анатолійович,Ч,11.05.1986,Слідчий,хутір Немирів,"парк Іванівський переїзд, буд. 13 кв. 70, Великі Мости, 77885",203-98-38,lshamrai@example.org
Рябець,Йосип,Віталійович,Ч,03.12.1948,Підприємець,село Часів Яр,"парк Богдана Хмельницького, буд. 724, Снятин, 51974",+380 (70) 523-13-26,havrylo00@example.net
Зайченко,Марія,Ярославівна,Ж,18.06.1990,Етнограф,селище Винники,"набережна Ліверпульський, буд. 58, Ківерці, 85400",+380 09 074-55-52,veniiamynabramchuk@example.com
Даньків,Лілія,Ігорівна,Ж,17.11.1966,Зоолог,село Попасна,"провулок Поліська, буд. 9, Баранівка, 51911",374 49 76,tverdokhlibbohuslava@example.net
Джунь,Ярослава,Степанівна,Ж,08.07.1941,Письменник,місто Вільнянськ,"узвіз Деревообробна, буд. 7, Сіверськ, 19848",+380 19 693-86-72,adakovaliuk@example.com
Зінчук,Прохір,Віталійович,Ч,14.04.1987,Редактор,селище Путивль,"провулок Золотий берег, буд. 19 кв. 365, Копичинці, 16820",+380 03 644-42-19,milenatelizhenko@example.org
Перепелиця,Миколай,Миколайович,Ч,04.02.1948,Математик,місто Новогродівка,"сквер Новий, буд. 756 кв. 403, Міусинськ, 01851",295-64-56,edyta42@example.net
Непорожній,Герман,Ігорович,Ч,11.10.1939,Літературознавець,село Горохів,"проспект Університетський, буд. 220, Амвросіївка, 37413",+380 35 189-88-32,fshmorhun@example.net
Уманець,Олег,Степанович,Ч,24.01.1987,Електрослюсар,місто Берегове,"сквер Локомотивний 2-й, буд. 2 кв. 911, Вишгород, 84238",445-66-90,avreliivlokh@example.com
Абрагамовська,Одарка,Миколаївна,Ж,18.08.1950,Агроном,хутір Бобринець,"площа Прокатна, буд. 09, Чернігів, 05352",245 70 57,zaichenkoroman@example.net
Запорожець,Єлисавета,Романівна,Ж,03.02.1988,Візажист,село Борщів,"вулиця Морехідна, буд. 068, Буча, 87732",+380 77 872-85-83,odarka48@example.net
Зінкевич,Орися,Андріївна,Ж,15.03.1945,Електрослюсар,місто Тальне,"шосе Херсонський сквер, буд. 95, Радомишль, 97708",037 628-64-41,makar54@example.net
Прокопович,Ганна,Ярославівна,Ж,09.10.1971,Драматург,селище Дебальцеве,"узвіз Отрада, буд. 4, Корюківка, 93349",+380 (90) 799-95-60,zabilasolomon@example.net
Левченко,Марта,Петрівна,Ж,17.08.1990,Водій,місто Сміла,"сквер Перша, буд. 8, Євпаторія, 90901",016 935 97 54,makar00@example.com
Ісаєнко,Єлисавета,Дмитрівна,Ж,16.01.1952,Хореограф,селище Каховка,"площа Караїмська, буд. 18, Тетіїв, 10051",+380 (29) 515-07-80,shvedchenkostepan@example.net
Архимович,Макар,Миколайович,Ч,26.03.1966,Астроном,селище Селидове,"провулок Восьмого Березня Лінія 1-ша, буд. 51 кв. 4, Березань, 79448",+380 31 425-76-52,cavramchuk@example.org
Голик,Тетяна,Сергіївна,Ж,10.07.1945,Громадський діяч,село Ніжин,"вулиця Десантний, буд. 89, Олександрівськ, 01413",506-80-37,maksymdanchuk@example.net
Сацюк,Розалія,Максимівна,Ж,05.12.1959,Антрополог,місто Алупка,"вулиця Климовича, буд. 08 кв. 729, Багачеве, 17031",+380 28 457-34-78,fedir82@example.net
Вергун,Олена,Дмитрівна,Ж,04.04.1986,Бібліотекар,село Малин,"шосе Головна, буд. 5, Нікополь, 52644",+380 67 738-10-33,roksolana37@example.net
Матяш,Ярослав,Миколайович,Ч,22.11.1967,Адвокат,село Жмеринка,"шосе Марка Крейна, буд. 21, Тернопіль, 60402",+380 02 633 93 42,chabelko@example.net
Литвиненко,Левко,Андрійович,Ч,21.06.1973,Хореограф,місто Білицьке,"проспект Бейтельсбахера, буд. 279, Обухів, 74674",026 372 10 05,chuikomarta@example.net
Ґалаґан,Віталій,Павлович,Ч,19.04.1971,Ювелір,село Хрустальний,"сквер Центральний аеропорт, буд. 4, Каховка, 92009",+380 72 470-55-48,albinashchors@example.com
Валенко,Амалія,Олександрівна,Ж,10.10.1962,Філолог,місто Ямпіль,"проспект Чорноморського козацтва, буд. 15 кв. 1, Ананьїв, 07293",052 792 33 46,kamilla05@example.org
Івасюк,Степан,Романович,Ч,20.07.1968,Паралегал,село Середина-Буда,"проспект Радісний, буд. 733, Добромиль, 42634",+380 20 165-53-63,esimashkevych@example.org
Шведченко,Микита,Андрійович,Ч,30.03.1967,Реабілітолог,село Дебальцеве,"узвіз Травневий 4-й, буд. 61 кв. 27, Черкаси, 33676",+380 19 526-62-59,emiliia70@example.net
Токар,Назар,Іванович,Ч,01.07.2003,Підприємець,селище Біла Церква,"проспект Прилуцький, буд. 86, Кропивницький, 41581",+380 (61) 594-42-46,alla16@example.net
Кабалюк,Семен,Віталійович,Ч,16.01.1993,Няня,село Берестин,"сквер Залізнична, буд. 7 кв. 6, Галич, 53202",+380 97 693-53-63,leonprokopovych@example.net
Тимчук,Гліб,Сергійович,Ч,30.05.1987,Кінорежисер,хутір Ужгород,"шосе Флотський 4-й, буд. 013 кв. 8, Золоте, 20257",032-40-73,danyloshchyrytsia@example.org
Саченко,Дан,Вікторович,Ч,25.11.1969,Нотаріус,село Баштанка,"набережна Лиманчик 2-й Лінія 11-та, буд. 7, Шахтарськ, 89443",592-91-46,liliia82@example.com
Ірванець,Розалія,Ігорівна,Ж,01.03.1943,Фотограф,місто Острог,"набережна Новопланівська, буд. 80 кв. 27, Луцьк, 57817",+380 91 860-95-23,xbabiichuk@example.net
Саченко,Валентина,Сергіївна,Ж,16.08.1980,Фрілансер,хутір Лисичанськ,"набережна Успенська, буд. 462, Ізяслав, 64285",+380 05 497 62 83,xmalyk@example.org
Цимбал,Хома,Іванович,Ч,20.04.1981,Бібліограф,місто Суми,"шосе Пісочна, буд. 072, Ясинувата, 42934",+380 13 893 21 49,oleksandrdeisun@example.com
Фартушняк,Аніта,Петрівна,Ж,20.08.1971,Агроном,місто Зеленодольськ,"узвіз Стовпова, буд. 3 кв. 5, Снятин, 38621",016 055 71 49,valeriidziuba@example.net
Журавель,Гордій,Віталійович,Ч,18.08.1995,Астроном,село Устилуг,"сквер 17-та Лінія 6-й ст. Люстдорфської дороги, буд. 493, Мукачево, 71853",092 658-90-76,ielyseivashchuk@example.com
Корбут,Леон,Степанович,Ч,23.02.1953,Нотаріус,селище Богодухів,"сквер Кавунова, буд. 501, Баранівка, 67665",+380 69 579-22-78,romanolifirenko@example.com
Пилипенко,Галина,Василівна,Ж,26.05.1994,Євнух,село Старий Крим,"узвіз Польський узвіз, буд. 104 кв. 847, Харцизьк, 31279",+380 93 530-24-17,klymentiatseniuk@example.net
Дергач,Стефан,Григорович,Ч,24.11.1942,Кушнір,хутір Карлівка,"шосе Чернівецький, буд. 757, Зоринськ, 01642",+380 83 749 74 20,harkhypenko@example.net
Адаменко,Богданна,Володимирівна,Ж,13.11.1991,Прокурор,селище Моршин,"сквер Будівельна, буд. 10 кв. 436, Боково-Хрустальне, 81920",+380 (25) 793-04-74,spas21@example.org
Сімашкевич,Альбіна,Юріївна,Ж,09.09.1946,Будник,місто Бережани,"набережна Нова, буд. 5, Белз, 78344",066 29 58,aaron85@example.net
Макогон,Лариса,Андріївна,Ж,16.05.1971,Футболіст,селище Сміла,"сквер Світлий, буд. 71, Погребище, 67235",116-73-92,erikaruban@example.org
Дробаха,Лілія,Анатоліївна,Ж,09.11.1949,Кіноактор,хутір Кролевець,"проспект Учительський, буд. 13, Свалява, 99166",+380 31 118-68-63,artemzhuravel@example.org
Фурс,Богданна,Дмитрівна,Ж,20.07.1961,Льотчик,селище Олександрія,"узвіз Мала Арнаутська, буд. 0 кв. 2, Зміїв, 72306",045 428 33 15,paliianzhela@example.org
Червоненко,Оксенія,Дмитрівна,Ж,26.05.1959,Пекар,хутір Кам'янець-Подільський,"вулиця Навігаційний, буд. 1, Покровськ, 26102",043 101-11-51,zharkoboleslav@example.org
Штокало,Марина,Петрівна,Ж,21.11.1967,Петрограф,хутір Моспине,"шосе Карпатська, буд. 2 кв. 977, Білогірськ, 91988",046 354 74 78,havryloieremenko@example.net
Супруненко,Пармен,Андрійович,Ч,14.08.1942,Публіцист,селище Валки,"парк Лиманчик 2-й Лінія 2-га, буд. 5, Березань, 03295",+380 (41) 261-71-44,isaienkohryhorii@example.net
Жук,Аніта,Анатоліївна,Ж,03.01.1988,Реабілітолог,місто Свалява,"проспект Лучиста, буд. 3 кв. 2, Синельникове, 24833",037 846 26 09,riaboviliaroslav@example.net
Ванченко,Ярослава,Юріївна,Ж,24.09.1958,Паралегал,хутір Боково-Хрустальне,"сквер Кузнечна, буд. 5, Джанкой, 78136",+380 72 675-36-14,oryna42@example.com
Негода,Гаврило,Романович,Ч,23.01.1960,Петрограф,хутір Новоукраїнка,"набережна Аеропортівський 4-й, буд. 14, Красногорівка, 56103",+380 89 938 70 71,arkhypenkomyron@example.com
Савенко,Орися,Степанівна,Ж,05.02.1948,Журналіст,село Южноукраїнськ,"сквер Юннатів 1-й, буд. 0, Алупка, 84153",+380 39 870 03 01,uderevianko@example.net
Баранник,Дмитро,Романович,Ч,18.12.2007,Дизайнер,селище Новоазовськ,"площа П'ята, буд. 742, Ківерці, 56395",092 122 58 29,bohdanna91@example.com
Забарний,Юхим,Валерійович,Ч,03.10.1968,Кур'єр,хутір Довжанськ,"шосе Нафтовиків, буд. 54, Севастополь, 21796",+380 33 100-04-87,okseniia82@example.net
Ємельяненко,Олена,Віталіївна,Ж,09.03.1981,Реставратор,селище Нікополь,"узвіз Головківська, буд. 3 кв. 3, Липовець, 99140",000 444 11 77,efesenko@example.org
Шиян,Ліза,Григорівна,Ж,08.01.1964,Єгер,село Чорнобиль,"вулиця Таїрова, буд. 694 кв. 74, Почаїв, 03659",013 392-49-42,asaulastepan@example.com
Даценко,Максим,Романович,Ч,24.08.1961,Електромонтажник,місто Ківерці,"шосе Студентський 5-й, буд. 4 кв. 5, Василівка, 43546",+380 19 451 12 76,vernyhorasolomon@example.com
Дзиндра,Віра,Олександрівна,Ж,13.09.2000,Електромонтер,селище Яворів,"проспект Шухевича Романа, буд. 0, Красилів, 28883",265 31 84,klavdiiaparasiuk@example.net
Носенко,Роман,Валерійович,Ч,08.03.1956,Локсмайстер,хутір Рубіжне,"площа Івана Микитенка, буд. 09 кв. 527, Бар, 90018",029 537-65-01,antonvakhnii@example.net
Бандера,Тетяна,Григорівна,Ж,01.12.1949,Швачка,село Дубно,"вулиця Братів Малакових, буд. 6, Довжанськ, 28425",+380 14 731 61 30,esyrotenko@example.net
Алексеєнко,Віталій,Віталійович,Ч,10.06.1953,Локсмайстер,селище Дунаївці,"проспект Стамбульський, буд. 53 кв. 385, Жданівка, 14013",+380 91 075 99 35,bohdannadeineko@example.com
Сомко,Петро,Олександрович,Ч,26.01.1943,Ґрунтознавець,селище Кропивницький,"сквер 12-та ст. Великого Фонтану пляж, буд. 30 кв. 856, Коростень, 37642",826-35-18,romanenkoalina@example.com
Чумак,Юстим,Іванович,Ч,05.08.1944,Модельєр,хутір Радомишль,"провулок Стрийський, буд. 553 кв. 485, Хотин, 02976",+380 85 843 76 09,ihorbashpolchenko@example.org
Вергун,Семен,Вікторович,Ч,16.02.2006,Головний меркшейдер,село Бахмач,"узвіз Церковна, буд. 8, Ізюм, 91035",504 44 31,pavloteslenko@example.net
Дробаха,Ада,Миколаївна,Ж,28.01.1979,Епідеміолог,хутір Тиврів,"узвіз Сірожупанників, буд. 6 кв. 0, Шахтарськ, 73305",501-00-81,orest86@example.net
Стець,Ярема,Валерійович,Ч,18.07.1985,Хореограф,хутір Златопіль,"набережна Лінійний, буд. 374, Вознесенівка, 93753",539 43 63,milena96@example.com
Фаренюк,Алевтин,Степанович,Ч,07.12.1945,Няня,місто Єнакієве,"шосе Леся Курбаса, буд. 714 кв. 16, Тлумач, 21296",002 312-85-69,iustymopanasenko@example.net
Оніщук,Альберт,Тарасович,Ч,11.02.1941,Антрополог,місто Моспине,"шосе Олександра Кошиця, буд. 236, Світлодарськ, 17156",+380 05 522-86-02,spaspavlyk@example.com
Матяш,Валерій,Юрійович,Ч,21.07.1992,Біолог,хутір Лисичанськ,"провулок Бориса Кифоренка, буд. 475, Яворів, 05607",026 440-33-72,snizhanashvachko@example.com
Черненко,Єлисей,Юрійович,Ч,10.08.1999,Живописець,хутір Харцизьк,"сквер Академічний, буд. 5 кв. 49, Білогірськ, 14612",130-64-25,edytapiatachenko@example.org
Носенко,Дарина,Григорівна,Ж,20.09.1996,Музикознавець,село Новояворівськ,"набережна Поштовий, буд. 9 кв. 025, Сорокине, 55738",930-86-76,olhalukash@example.org
Негода,Аркадій,Анатолійович,Ч,26.12.1976,Підприємець,селище Чистякове,"проспект Степана Олійника узвіз, буд. 047 кв. 20, Олешки, 76394",+380 64 604 46 66,havrylyshyndmytro@example.net
Шморгун,Роман,Леонідович,Ч,11.05.2005,Антрополог,хутір Сновськ,"вулиця Отамана Чепіги, буд. 1, Подільськ, 78654",006 272-36-42,iustym11@example.net
Забашта,Борислав,Васильович,Ч,21.08.1942,Каскадер,місто Скадовськ,"узвіз Бучми, буд. 249 кв. 929, Глиняни, 98792",+380 88 544-09-59,anastasiia27@example.org
Дашенко,Мартин,Петрович,Ч,10.08.1942,Медик,село Охтирка,"набережна Лобачевського, буд. 35, Щастя, 42043",023 684-84-90,azar84@example.com
Приймак,Антон,Михайлович,Ч,01.10.1965,Складальник,хутір Умань,"провулок Гена Іоганна, буд. 6, Перевальськ, 27775",262 15 82,omeliandubenko@example.net
Лукаш,Миколай,Павлович,Ч,26.06.1938,Педагог,місто Рава-Руська,"провулок Соляний 2-й, буд. 850 кв. 7, Герца, 69054",+380 42 183-99-90,hupaloada@example.net
Бездітко,Петро,Дмитрович,Ч,09.03.1985,Льотчик,хутір Южноукраїнськ,"проспект Хімічний 2-й, буд. 69, Зборів, 82736",070 996 25 32,gfastenko@example.net
Годунок,Мілена,Іванівна,Ж,17.02.1981,Машиніст,місто Тячів,"площа Офіцерська, буд. 56, Чернівці, 02599",+380 (67) 508-41-70,baklanzorian@example.com
Акуленко,Максим,Петрович,Ч,05.04.2001,Драматург,місто Дніпрорудне,"площа Павла Шклярука, буд. 255, Старобільськ, 16935",+380 41 059-18-68,riabchenkoustym@example.com
Алексеєнко,Юстина,Богданівна,Ж,20.05.1952,Дерун,село Саки,"сквер Дениса Максишка, буд. 915 кв. 13, Славутич, 67862",237 44 74,liubovostapchuk@example.org
Даньків,Варфоломій,Юрійович,Ч,23.12.1988,Дизайнер,місто Іршава,"сквер 2-й Академічний тупик, буд. 362, Вижниця, 27956",+380 65 960-55-83,myronprokopovych@example.net
Чумак,Аврелій,Романович,Ч,06.09.1941,Провізор,селище Львів,"сквер Героїв УПА, буд. 5, Бобровиця, 76268",+380 83 464 23 04,nhutsuliak@example.com
Бабій,Христина,Дмитрівна,Ж,23.08.1944,Правник,село Борщів,"сквер 10-та Лінія 6-й ст. Люстдорфської дороги, буд. 4, Докучаєвськ, 48815",+380 (07) 327-97-60,ivanenkobohuslav@example.net
Івасюк,Олена,Романівна,Ж,30.11.1999,Бухгалтер,місто Бурштин,"набережна Фахова, буд. 661 кв. 03, Городня, 07095",+380 69 495 02 53,oartymyshyn@example.org
Карпенко,Аркадій,Іванович,Ч,22.12.1977,Реабілітолог,село Барвінкове,"парк Трояндова, буд. 0, Куп'янськ, 19454",016 935 93 59,khrystenkosymon@example.net
Дацюк,Юстим,Анатолійович,Ч,15.04.1974,Промисловець,село Балта,"узвіз Вчительської, 2-й, буд. 5, Роздільна, 90542",+380 02 733-12-01,tsushkozakhar@example.com
Нестеренко,Анжела,Петрівна,Ж,15.11.2003,Кур'єр,хутір Устилуг,"проспект Новаторів, буд. 05 кв. 50, Стрий, 96526",+380 56 484 20 05,hpanchuk@example.com
Абрамчук,Едита,Анатоліївна,Ж,16.08.1960,Дантист,село Моршин,"провулок Лінійний, буд. 304, Оріхів, 04398",+380 15 915 94 41,tiahnybokliliia@example.com
Забарний,Костянтин,Анатолійович,Ч,24.05.1950,Штукатур,селище Васильків,"узвіз Фонтанська дорога, буд. 8 кв. 6, Одеса, 42654",+380 84 994-30-06,paliimykyta@example.com
Дергач,Альбіна,Миколаївна,Ж,07.05.1952,Бухгалтер,хутір Алупка,"узвіз Колонтаївська, буд. 65, Генічеськ, 21331",008 539 89 65,tetianavlasiuk@example.org
Гайденко,Мирон,Сергійович,Ч,28.06.1943,Петрограф,село Буча,"площа Аеродромний 2-й, буд. 7 кв. 766, Ржищів, 97561",+380 (05) 167-24-14,ovcharenkolukian@example.org
Іващенко,Галина,Павлівна,Ж,28.01.2004,Прокурор,селище Монастириська,"площа Івахненка Петра, буд. 07, Верхівцеве, 56589",+380 57 447-93-21,ebandera@example.org
Чумак,Лариса,Петрівна,Ж,01.01.1978,Мірошник,село Чигирин,"шосе Одеська, буд. 705, Ніжин, 58979",735 03 26,bandrusenko@example.net
Редько,Стефан,Михайлович,Ч,09.07.1969,Педагог,селище Самбір,"площа Південна дорога, буд. 838 кв. 45, Сімферополь, 09037",+380 (04) 547-75-58,khrystyna32@example.com
Чекалюк,Вікторія,Ігорівна,Ж,29.03.1952,Юрист,селище Радивилів,"шосе Свободи, буд. 3, Зоринськ, 61098",+380 (64) 801-01-23,cavramenko@example.org
Бебешко,Богуслав,Романович,Ч,20.04.1953,Паблік рилейшнз,село Дніпрорудне,"узвіз Куяльницький міст, буд. 372 кв. 793, Апостолове, 82902",068 680-27-81,chaikamariia@example.net
Франко,Богуслава,Тарасівна,Ж,27.06.1998,Парфюмер,місто Мелітополь,"проспект Дачний, буд. 665 кв. 17, Мукачево, 54225",015 393 17 95,okseniia72@example.net
Євдокименко,Левко,Іванович,Ч,23.08.1988,Науковець,селище Сколе,"провулок Дмитра Сигаревича, буд. 8, Лубни, 68957",+380 28 851-21-97,orudyk@example.com
Закусило,Спас,Сергійович,Ч,02.04.1974,Будник,село Чугуїв,"набережна Камишова, буд. 15 кв. 7, Шумськ, 64482",064 831 83 90,stepanhrechko@example.net
Скопенко,Пріска,Миколаївна,Ж,10.08.1999,Художник,село Куп'янськ,"парк Різовська, буд. 1 кв. 936, Сорокине, 68381",137-73-92,aholyk@example.org
Андріїшин,Одарка,Тарасівна,Ж,11.04.1947,Футболіст,хутір Апостолове,"сквер 14-та Лінія 6-й ст. Люстдорфської дороги, буд. 274, Тлумач, 91963",088 48 33,irena93@example.org
Чміль,Яків,Богданович,Ч,10.08.1999,Реставратор,хутір Жовква,"сквер Амбулаторна, буд. 755 кв. 39, Хутір-Михайлівський, 06152",030 096 40 74,ihnatdakhno@example.net
Усик,Ілля,Михайлович,Ч,01.09.1974,Золотар,село Саки,"провулок Скляна, буд. 6 кв. 76, Городище, 69463",295 08 73,chaidai@example.net
Якименко,Людмила,Миколаївна,Ж,12.01.1938,Паблік рилейшнз,місто Тлумач,"шосе Дорбуду, буд. 386 кв. 421, Новоазовськ, 35507",+380 94 260-55-80,prymachenkooles@example.net
Дутка,Панас,Максимович,Ч,20.09.1964,Кінорежисер,хутір Ічня,"вулиця Маразліївська, буд. 1, Пустомити, 63269",792-24-59,daryna69@example.org
Карась,Костянтин,Валерійович,Ч,18.11.1969,Модельєр,село Луцьк,"парк Безіменний, буд. 04 кв. 8, Путивль, 13066",000 311-90-95,hhrechko@example.com
Базилевський,Артем,Михайлович,Ч,02.11.1977,Астронавт,селище Миколаїв,"узвіз Санітарна, буд. 596 кв. 612, Токмак, 12833",087 247 39 05,zakharvakulenko@example.org
Гайворонський,Владислав,Леонідович,Ч,10.01.1947,Локсмайстер,селище Кременець,"вулиця Павла Клепацького, буд. 44 кв. 639, Лозова, 61712",+380 (96) 403-79-25,danna77@example.com
Бевз,Болеслав,Володимирович,Ч,01.06.1965,Художник,місто Семенівка,"узвіз Виноградна, буд. 315, Городенка, 92672",+380 (42) 049-64-54,demydvertyporokh@example.org
Алексійчук,Вадим,Іванович,Ч,23.11.2002,Художник,місто Почаїв,"набережна Просвіти, буд. 64, Приморськ, 99922",+380 54 403-31-12,shamrairostyslav@example.net
Носенко,Франц,Олександрович,Ч,21.04.1942,Живописець,село Мирноград,"набережна 7-ма Лінія Дачі Ковалевського, буд. 366, Стебник, 49917",056 598-85-13,marta49@example.com
Гук,Микита,Миколайович,Ч,14.07.1942,Науковець,селище Марганець,"сквер Балтський 5-й, буд. 61, Красилів, 36043",+380 61 316 29 08,nestor63@example.net
Забашта,Зиновій,Вікторович,Ч,14.06.1993,Петрограф,селище Берегове,"проспект Гвоздична, буд. 798 кв. 55, Ірпінь, 37703",+380 (15) 654-55-51,zrebryk@example.com
Акименко,Мирон,Максимович,Ч,10.01.1981,Музичний редактор,селище Кам'янець-Подільський,"узвіз Леонтовича, буд. 32 кв. 881, Дебальцеве, 99272",042 102-43-84,ievtushenkoles@example.net
Христич,Ігор,Богданович,Ч,05.04.1976,Астронавт,селище Сніжне,"проспект Садова 4-та, буд. 35, Галич, 98302",025 060 39 09,hliblutsenko@example.net
Іщенко,Анжела,Степанівна,Ж,20.10.1951,Круп'є,хутір Каховка,"набережна Каретний, буд. 63, Новоукраїнка, 75922",946 74 05,oleschupryna@example.com
Салій,Єлисавета,Ярославівна,Ж,13.03.1951,Електромонтажник,хутір Кривий Ріг,"проспект Лятошинського, буд. 1, Тараща, 90823",+380 37 475-35-05,danylomykhaliuk@example.com
Баранець,Руслан,Дмитрович,Ч,15.04.1966,Електромонтажник,хутір Благовіщенське,"набережна Аеродромний 1-й, буд. 641 кв. 312, Христинівка, 86394",+380 15 554-93-21,ciesypenko@example.com
Щириця,Мілена,Олександрівна,Ж,23.11.1971,Хореограф,селище Жашків,"площа Дальницька, буд. 78 кв. 0, Голубівка, 74394",434 25 21,okolisnychenko@example.com
Макаренко,Валентин,Олександрович,Ч,05.08.1975,Етнограф,селище Мирноград,"вулиця Політкаторжан, буд. 3, Буринь, 40905",+380 47 182-99-84,ttverdokhlib@example.net
Коваленко,Кирило,Васильович,Ч,15.12.1943,Хімік,хутір Моспине,"узвіз Лазурний 5-й, буд. 92 кв. 888, Вишневе, 59182",+380 90 220-25-24,zakharenkooleksandr@example.net
Приходько,Валентина,Петрівна,Ж,31.12.1978,Актор,селище Кадіївка,"провулок Східний, буд. 209 кв. 77, Шахтарське, 65238",+380 84 256-13-36,huzamvrosii@example.com
Кибкало,Ганна,Олександрівна,Ж,07.11.2008,Музикант,село Красногорівка,"набережна Серединський, буд. 781 кв. 5, Борщів, 97120",002 047 16 47,petro27@example.com
Гуцуляк,Спас,Миколайович,Ч,08.05.1990,Мінералог,місто Сімферополь,"шосе Буковинська, буд. 97, Сніжне, 41846",+380 38 709-30-91,herman23@example.org
Чумак,Ярослав,Дмитрович,Ч,25.10.1966,Дизайнер,селище Чистякове,"парк Неплія, буд. 6, Авдіївка, 73333",+380 (82) 382-84-36,riabetsvladyslav@example.net
Зарудний,Борислав,Ярославович,Ч,01.05.1996,Графік,місто Мирноград,"проспект Перша, буд. 61 кв. 254, Молочанськ, 60629",030 042-83-41,xlupii@example.net
Коваленко,Семен,Володимирович,Ч,13.10.1957,Стоматолог,хутір Кодима,"площа Сумська, буд. 813 кв. 50, Чернігів, 08606",+380 56 020-05-28,vladyslav00@example.net
Корпанюк,Ірена,Валеріївна,Ж,20.02.1965,Мистецтвознавець,місто Львів,"шосе Кипарисний 1-й, буд. 4, Коростень, 87344",+380 58 485 68 82,larysahavrylenko@example.net
Фаренюк,Богданна,Вікторівна,Ж,12.09.1981,Ювелір,селище Моршин,"провулок Китобійний 1-й, буд. 8 кв. 615, Ясинувата, 67754",+380 27 842 67 40,avreliiiakymenko@example.org
Бабко,Богуслава,Петрівна,Ж,09.09.1938,Професор,село Ясинувата,"парк Флейтовий, буд. 20, Жданівка, 42881",+380 79 399-71-54,vira06@example.net
Салій,Євген,Леонідович,Ч,29.07.1948,Бухгалтер,хутір Мелітополь,"площа Світла, буд. 2, Кременчук, 50248",+380 17 756-37-70,jbhydenko@example.net
Деряжна,Пріска,Михайлівна,Ж,20.04.1963,Електротехнік,місто Красногорівка,"узвіз Аркадійська, буд. 0, Камінь-Каширський, 87605",031-82-06,ieva90@example.com
Лесик,Богданна,Михайлівна,Ж,26.07.1942,Редактор,селище Тетіїв,"набережна Роздольна, буд. 6, Чернівці, 59394",137 43 27,viktoriia25@example.net
Штокало,Ганна,Петрівна,Ж,10.11.1943,Графік,селище Добропілля,"площа Іспанська, буд. 8, Яворів, 26443",173-30-41,iashchukserhii@example.net
Зайченко,Дмитро,Григорович,Ч,13.01.1977,Ветеринар,село Тлумач,"сквер Толвінського, буд. 47, Володимир-Волинський, 92003",+380 (73) 637-95-64,andreikoihor@example.com
Карпа,Костянтин,Валерійович,Ч,07.10.1981,Акушер,село Харцизьк,"сквер Житомирський 3-й, буд. 21, Бар, 28388",480 32 15,udutka@example.com
Затовканюк,Миколай,Іванович,Ч,20.09.1998,Архітектор,селище Сарни,"набережна Басейний 2-й, буд. 21, Глухів, 13356",+380 51 518-31-05,okhrim46@example.com
Остапчук,Василина,Петрівна,Ж,12.07.1954,Паралегал,село Сокологірськ,"парк Нафтовиків 2-й, буд. 4, Молочанськ, 51929",+380 00 721 14 51,anitanesterenko@example.com
Ващук,Василина,Валеріївна,Ж,17.02.2005,Ботанік,хутір Златопіль,"набережна Стельмаха, буд. 03 кв. 55, Рогатин, 86588",097 719-27-65,dlupii@example.net
Харченко,Лілія,Андріївна,Ж,22.04.1969,Агроном,село Красногорівка,"узвіз Василя Данилевича, буд. 88 кв. 5, Зимогір'я, 58299",+380 (03) 563-71-97,ruslanlytvynenko@example.org
Вишняк,Дмитро,Богданович,Ч,24.10.1950,Прокурор,село Привілля,"шосе 18-та Лінія 6-й ст. Люстдорфської дороги, буд. 9, Середина-Буда, 02792",095 733-58-43,wvivcharenko@example.com
Джунь,Вʼячеслав,Леонідович,Ч,02.02.1945,Дерун,село Тиврів,"провулок 411-ї батареї, буд. 050 кв. 66, Новоград-Волинський, 81704",053 796-97-20,danchenkoiaroslav@example.org
Петрик,Панас,Максимович,Ч,26.12.1976,Співак,село Гірник,"шосе Нова, буд. 652 кв. 870, Верхньодніпровськ, 99155",+380 (72) 093-33-51,khorishkoeduard@example.net
Ребрик,Макар,Миколайович,Ч,08.12.1975,Фрілансер,селище Чугуїв,"шосе Онілової, буд. 73, Почаїв, 14915",+380 27 850-50-57,zabashtaviacheslav@example.net
Луценко,Богданна,Богданівна,Ж,04.04.1975,Бібліотекар,селище Апостолове,"провулок Академіка Філатова, буд. 568, Васильків, 97786",+380 10 984 20 46,fazhazha@example.org
Гайденко,Ігнат,Андрійович,Ч,12.03.2006,Ріелтор,хутір Перемишляни,"парк Семена Яхненка, буд. 33 кв. 006, Донецьк, 03286",+380 90 767-76-50,lmakohon@example.com
Дергач,Ростислав,Степанович,Ч,17.01.1967,Громадський діяч,селище Болград,"узвіз Танкістів, буд. 746, Лозова, 34914",+380 05 977 46 73,veniiamyndubas@example.net
Міщенко,Валентин,Павлович,Ч,18.02.1954,Слідчий,село Горохів,"шосе Локомотивний 4-й, буд. 04, Антрацит, 81688",064 718 80 32,hhuzii@example.net
Ємельяненко,Ілля,Андрійович,Ч,19.07.1975,Пекар,селище Лутугине,"площа Джутовий, буд. 03, Деражня, 63014",079 687 74 12,avhustynievtushok@example.net
Ватаманюк,Хома,Іванович,Ч,08.06.2002,Співак,селище Тетіїв,"вулиця Лузанівська, буд. 061 кв. 736, Вишневе, 26682",036 174-67-54,ielysavetasavenko@example.com
Дашенко,Пармен,Валерійович,Ч,24.05.1966,Режисер,селище Підгайці,"набережна Георгія Гамова, буд. 152 кв. 396, Звенигородка, 22692",972 36 85,tymchuksemen@example.org
Петренко,Марта,Миколаївна,Ж,23.01.1998,Кушнір,хутір Соледар,"провулок Залізничний 3-й, буд. 36 кв. 9, Самбір, 34118",+380 46 030-59-85,lukianhres@example.com
Швачко,Ірена,Сергіївна,Ж,11.09.1946,Акушер,місто Євпаторія,"вулиця Нескучна, буд. 47, Коростишів, 47755",087 428 46 19,rozaliia17@example.com
Шевченко,Святослава,Віталіївна,Ж,24.03.2006,Шериф,селище Новий Калинів,"вулиця Краснослобідський, буд. 3 кв. 8, Скадовськ, 23858",+380 11 260-48-80,daryna13@example.com
Андрієнко,Володимир,Ярославович,Ч,20.04.1980,Краєзнавець,село Алмазна,"площа Ольгіївська, буд. 42, Щолкіне, 58078",060 748 94 25,marianadanylenko@example.com
Теліженко,Павло,Павлович,Ч,13.03.1963,Астрофізик,хутір Чистякове,"сквер Князівський, буд. 136, Семенівка, 14552",024 358 36 26,babenkoolha@example.net
Байда,Руслан,Віталійович,Ч,08.09.1976,Реабілітолог,хутір Куп'янськ,"шосе Абрикосова, буд. 59, Ладижин, 39470",+380 27 289 18 93,zaporozhetsfedir@example.com
Литвин,Стефан,Максимович,Ч,19.05.1952,Кіноактор,місто Мала Виска,"парк Василя Кандинського 4-й, буд. 8, Пологи, 65968",+380 18 867-06-44,vira35@example.com
Канівець,Назар,Миколайович,Ч,04.08.1996,Промисловець,місто Сімферополь,"проспект Політкаторжан, буд. 8 кв. 949, Василівка, 49971",+380 48 214 93 34,pchumachenko@example.org
Вертипорох,Ліза,Ярославівна,Ж,30.08.1960,Історик,місто Володимир-Волинський,"площа Нафтовиків 1-й, буд. 65 кв. 398, Кам'янське, 50441",042 364-37-80,dieshchenko@example.org
Килимник,Давид,Олександрович,Ч,12.05.2006,Паблік рилейшнз,селище Кропивницький,"шосе Вірського, буд. 674 кв. 34, Дніпро, 15767",+380 75 059-05-43,olha73@example.org
Микитюк,Іван,Максимович,Ч,25.01.1957,Біолог,село Золоте,"узвіз Естафетна, буд. 59 кв. 2, Помічна, 76218",+380 83 413 74 49,makohonvioletta@example.com
Гук,Ярослав,Максимович,Ч,10.11.1989,Астрофізик,село Макіївка,"вулиця Керченський 2-й, буд. 4, Боярка, 71422",108-13-07,arsen62@example.com
Вернидуб,Геннадій,Анатолійович,Ч,13.05.1959,Геофізик,місто Снятин,"шосе Ліверпульський, буд. 07, Антрацит, 08615",+380 67 657-66-92,sviatoslava66@example.org
Демʼяненко,Семен,Романович,Ч,27.01.1939,Дерун,село Нікополь,"провулок Бандурний, буд. 81, Лутугине, 34164",050 993-19-04,volodymyraromanenko@example.org
Сич,Аліна,Дмитрівна,Ж,30.04.2005,Художник,хутір Кременчук,"сквер Павла Шклярука, буд. 955 кв. 7, Носівка, 17173",+380 56 547-14-98,bohdankopytko@example.net
Твердохліб,Аркадій,Павлович,Ч,17.10.1952,Історик,селище Торецьк,"провулок Супутників, буд. 6 кв. 380, Валки, 79955",+380 87 872 17 57,xonishchuk@example.com
Саченко,Марія,Юріївна,Ж,03.09.1983,Етнограф,село Радивилів,"парк Князя Ярослава Мудрого, буд. 35, Буринь, 36527",824-27-02,valeriisahal@example.net
Баклан,Аліна,Іванівна,Ж,16.06.1954,Астронавт,село Белз,"узвіз Історія Футболу, буд. 3, Перемишляни, 35156",907-84-07,qkorbut@example.com
Лагода,Віктор,Вікторович,Ч,29.07.1999,Фрілансер,місто Бориспіль,"шосе Паркова, буд. 3, Вугледар, 57530",+380 26 806-46-51,tytarenkotetiana@example.com
Токар,Василина,Віталіївна,Ж,30.05.1981,Клавішник,село Монастирище,"парк Неплія, буд. 007, Богуслав, 01480",220 70 34,xmykhaliuk@example.org
Василенко,Альберт,Петрович,Ч,22.10.1985,Ювелір,хутір Корець,"вулиця Деволанівська, буд. 5, Козятин, 89298",099 589 66 57,viacheslavteslia@example.com
Гузенко,Альбіна,Богданівна,Ж,29.09.1945,Кур'єр,місто Погребище,"сквер Горбиста, буд. 85 кв. 11, Горохів, 37399",+380 82 147 61 86,demyd39@example.com
Лаба,Юстим,Ярославович,Ч,09.05.1994,Скульптор,місто Сторожинець,"провулок Баштанна, буд. 908 кв. 23, Монастирище, 54174",+380 (06) 362-09-49,fliashko@example.net
Кащенко,Хома,Олександрович,Ч,12.09.1957,Провізор,хутір Чигирин,"узвіз Восьмого Березня Лінія 1-ша, буд. 07, Шахтарськ, 77167",+380 14 088-16-55,mmakohon@example.net
Артимович,Валерій,Максимович,Ч,21.11.1937,Програміст,місто Вознесенськ,"вулиця Леонтовича, буд. 08 кв. 7, Кам'янка-Дніпровська, 25289",+380 (31) 836-39-52,garkhypenko@example.com
Теліженко,Лілія,Олександрівна,Ж,21.09.1940,Провізор,хутір Верхівцеве,"проспект Слов'янська, буд. 794 кв. 24, Харків, 74528",+380 89 210-50-28,rarsenych@example.com
Голик,Віктор,Ігорович,Ч,23.01.2001,Модель,селище Радомишль,"сквер Петра Болбочана, буд. 3, Вараш, 12882",+380 40 534-35-26,myroslavavramchuk@example.com
Остапчук,Альбіна,Іванівна,Ж,19.03.1958,Парфюмер,село Рахів,"площа Цементний, буд. 07, Перевальськ, 14857",+380 81 409-79-73,tymchuksolomiia@example.net
Михайлюк,Альбіна,Іванівна,Ж,02.07.1943,Кушнір,село Бучач,"вулиця Кузнечна, буд. 30, Канів, 21190",937-57-24,franchukolena@example.net
Зінченко,Віра,Іванівна,Ж,02.05.1965,Пекар,село Гайворон,"парк узвіз Віталія Блажка, буд. 72 кв. 538, Красноперекопськ, 74770",045 259 52 80,demydenkoostap@example.com
Михайличенко,Олекса,Віталійович,Ч,29.07.1939,Няня,село Алушта,"провулок Бандурний, буд. 06 кв. 9, Лубни, 58306",+380 11 898-32-87,ieshchenkooleksa@example.com
Ющенко,Веніямин,Тарасович,Ч,21.12.1978,Громадський діяч,село Острог,"провулок Луцька, буд. 131 кв. 51, Коростишів, 22413",039 027-18-97,virababko@example.org
Абраменко,Болеслав,Миколайович,Ч,06.10.1975,Музикант,місто Чернігів,"набережна Сумський, буд. 9 кв. 578, Тиврів, 32903",243-02-42,liza15@example.com
Карась,Людмила,Богданівна,Ж,23.04.1978,Пілот,селище Трускавець,"парк Ігоря Бедзая, буд. 43 кв. 503, Миколаїв, 60984",+380 17 879 04 27,allalysenko@example.net
Слюсар,Богодар,Анатолійович,Ч,06.07.1993,Гінеколог,селище Снігурівка,"провулок 3-тя Лінія Марії Демченко, буд. 745 кв. 6, Перемишляни, 18929",204-65-57,iiesypenko@example.com
Затула,Камілла,Михайлівна,Ж,17.05.1959,Мистецтвознавець,хутір Підгородне,"парк Товарний, буд. 22 кв. 2, Буськ, 32009",+380 (20) 515-04-93,vitalii79@example.net
Онуфрієнко,Ада,Богданівна,Ж,10.10.1966,Вчитель,село Горлівка,"провулок Бузковий 1-й, буд. 597, Покровськ, 47425",085 497 86 85,heorhiidrobakha@example.net
Алексійчук,Одарка,Іванівна,Ж,02.09.1975,Стропальник,хутір Покровськ,"площа Кавказький, буд. 049 кв. 1, Переяслав, 49392",501-75-95,varvaraiashchuk@example.com
Матвієнко,Роман,Володимирович,Ч,12.02.1958,Конструктор,село Чугуїв,"сквер Іванова Ігоря, буд. 75 кв. 5, Радехів, 25113",217-80-19,ddanchenko@example.com
Хомик,Ганна,Леонідівна,Ж,08.12.1987,Гицель,село Сквира,"проспект Нафтовиків, буд. 20, Сарни, 77852",+380 05 191-89-01,ushynkarenko@example.org
Цимбал,Болеслав,Юрійович,Ч,22.05.1999,Бібліотекар,селище Ковель,"набережна Квітнева, буд. 552, Берислав, 55949",+380 94 151-57-67,kamilla17@example.com
Ващенко-Захарченко,Марія,Анатоліївна,Ж,28.08.1986,Бібліограф,хутір Лисичанськ,"площа Штурвальна, буд. 2, Карлівка, 40199",035 291 50 88,viacheslav71@example.com
Дашенко,Степан,Сергійович,Ч,24.06.2005,Швачка,хутір Кривий Ріг,"провулок Трусовська, буд. 100 кв. 098, Кам'янське, 39398",052 770-19-23,revataras@example.org
Кабалюк,Лілія,Іванівна,Ж,11.07.1960,Дерун,село Авдіївка,"провулок Трусовська, буд. 450 кв. 03, Новий Розділ, 94091",+380 25 495-84-78,svitlanakorsun@example.net
Рубець,Ярема,Володимирович,Ч,24.07.1986,Реставратор,місто Макіївка,"проспект Миколи Бажана, буд. 30 кв. 0, Володимир-Волинський, 56688",609-15-21,gvakhnii@example.com
Медведенко,Артем,Валерійович,Ч,28.04.1955,Золотар,селище Шепетівка,"сквер Вознесенський, буд. 97, Гірське, 91026",+380 44 746-84-42,ruslandashenko@example.net
Рева,Борислав,Петрович,Ч,28.09.1963,Письменник,село Бровари,"узвіз Вітчизняна, буд. 63, Глухів, 81428",051-38-41,mishchenkoolena@example.net
Перебийніс,Аврелій,Михайлович,Ч,05.12.1948,Мірошник,селище Новий Розділ,"площа Луценка Івана, буд. 390, Мерефа, 59115",349 07 20,sofiia01@example.net
Затула,Альбіна,Віталіївна,Ж,02.11.1976,Паралегал,селище Українка,"узвіз Зелена, буд. 587, Батурин, 42022",631 30 46,ruslan35@example.org
Оробець,Амалія,Леонідівна,Ж,10.05.1957,Літературознавець,хутір Отаманівка,"узвіз Бучми, буд. 939 кв. 45, Бровари, 72501",009 60 97,qbevzenko@example.org
Ляшко,Тарас,Григорович,Ч,21.06.1998,Географ,селище Вашківці,"проспект Подільська, буд. 033, Антрацит, 80622",058 620 70 72,nartym@example.net
Василенко,Августин,Анатолійович,Ч,25.11.1938,Інженер,село Лиман,"площа Покровський, буд. 16, Глухів, 94046",027 214-94-92,smykytiuk@example.org
Петренко,Роксолана,Сергіївна,Ж,24.04.1982,Вчитель,село Біляївка,"шосе Велика Арнаутська, буд. 90 кв. 5, Самбір, 59693",+380 08 629-39-19,ievaiurchuk@example.net
Лемешко,Ірина,Віталіївна,Ж,22.03.1974,Локсмайстер,село Вишгород,"площа Цесевича, буд. 88 кв. 6, Володимир-Волинський, 10231",+380 46 195 79 29,isaievychmarusia@example.com
Колодуб,Тереза,Леонідівна,Ж,22.07.1968,Філолог,село Амвросіївка,"шосе Лінійна, буд. 9, Армянськ, 89777",344 55 05,davyd72@example.com
Карпенко,Галина,Степанівна,Ж,13.04.1969,Бізнесмен,місто Хутір-Михайлівський,"узвіз Зарічна, буд. 394, Батурин, 67450",923-45-51,nalyvaikozynovii@example.net
Вернидуб,Болеслав,Віталійович,Ч,04.11.1992,Різноробочий,село Карлівка,"набережна Артилерійський 2-й, буд. 10, Кременець, 08845",682 29 39,lhaidai@example.net
Худяк,Феофан,Ігорович,Ч,08.06.1946,Електротехнік,село Олександрівськ,"набережна Селекційний, буд. 691, Чорноморськ, 65703",091 953-43-79,zabilasviatoslav@example.net
Талан,Андрій,Віталійович,Ч,25.12.1983,Електротехнік,селище Вугледар,"шосе Вишневий, буд. 080 кв. 64, Антрацит, 39333",671-92-59,nprytula@example.com
Захаренко,Охрім,Петрович,Ч,25.01.1998,Фольклорист,хутір Красилів,"площа Гайова, буд. 235 кв. 295, Берестечко, 50624",701-57-42,vdovenkoanzhela@example.com
Приходько,Адам,Богданович,Ч,17.01.2003,Реабілітолог,місто Краматорськ,"узвіз Олександра Ройтбурда, буд. 786 кв. 53, Мена, 66126",068 837 70 45,zakhar73@example.com
Стельмах,Богуслава,Максимівна,Ж,29.08.1983,Правник,село Підгайці,"провулок Штурвальна, буд. 0, Рахів, 42076",+380 (82) 787-78-81,myroslav86@example.net
Дейнеко,Анастасія,Анатоліївна,Ж,28.07.1971,Графік,хутір Мелітополь,"набережна Михайла Жука, буд. 48, Вашківці, 34260",+380 09 991-71-77,ckonoplia@example.net
Короленко,Олександр,Ярославович,Ч,27.04.1958,Різноробочий,селище Горохів,"сквер Туристський, буд. 383 кв. 48, Старий Самбір, 67053",203 93 10,jhupalo@example.net
Перепелиця,Амвросій,Дмитрович,Ч,09.03.1989,Гінеколог,село Марганець,"проспект Богуна, буд. 4, Берислав, 66834",+380 36 793 49 38,liubovkabaliuk@example.com
Щербак,Остап,Іванович,Ч,28.04.1987,Модель,селище Гуляйполе,"узвіз Теплична, буд. 5, Севастополь, 56146",141-37-14,zorian33@example.com
Чередник,Варфоломій,Андрійович,Ч,29.05.1991,Графік,місто Шпола,"шосе Нафтовиків, буд. 84, Берестин, 95127",+380 48 119-61-87,leon74@example.com
Смик,Одарка,Петрівна,Ж,20.11.1957,Музичний редактор,місто Барвінкове,"провулок Кладовищний, буд. 35 кв. 4, Південне, 64607",044 068 09 19,irenazasenko@example.com
Саєнко,Назар,Віталійович,Ч,28.07.1990,Мікробіолог,село Світловодськ,"провулок Маршрутна, буд. 324, Часів Яр, 32476",687-25-84,viktordanko@example.net
Канівець,Любов,Тарасівна,Ж,23.07.1977,Ді-джей,село Золотоноша,"вулиця Богдана Хмельницького, буд. 9, Березівка, 06708",+380 70 371-66-78,mykyta67@example.net
Матяш,Марина,Юріївна,Ж,26.02.1977,Мінералог,хутір Лубни,"набережна Добровольців, буд. 6 кв. 99, Ізюм, 89700",034 431 12 97,maryna23@example.com
Гунько,Зиновій,Максимович,Ч,28.11.1951,Мінералог,хутір Рахів,"сквер Лінія 50-та, буд. 598, Бердянськ, 61064",+380 37 606-21-28,szabila@example.com
Байда,Камілла,Тарасівна,Ж,14.05.1969,Дизайнер,селище Зугрес,"сквер Будівельний, буд. 8 кв. 587, Козятин, 15310",+380 (32) 832-97-41,azartkachenko@example.net
Батюк,Роксолана,Валеріївна,Ж,22.01.1990,Художник,селище Красноперекопськ,"вулиця Максима Чайки, буд. 51, Заставна, 94127",498 67 96,qdemianenko@example.com
Охріменко,Артем,Григорович,Ч,11.09.1947,Епідеміолог,хутір Красногорівка,"проспект Обривиста, буд. 601, Калуш, 32304",257 58 53,ielysei36@example.org
Вдовиченко,Ліза,Вікторівна,Ж,15.05.1956,Режисер,селище Ямпіль,"набережна Овідіопольська, буд. 902, Березне, 87291",+380 02 395-57-57,dbabenko@example.com
Даниленко,Маруся,Василівна,Ж,19.11.1971,Геофізик,село Миколаївка,"узвіз Віталія Блажка, буд. 1 кв. 90, Кропивницький, 25332",+380 72 409-98-66,teodor77@example.com
Єщенко,Данна,Володимирівна,Ж,28.05.1982,Фрілансер,селище Дружківка,"узвіз Задніпровського, буд. 786 кв. 940, Вінниця, 12379",382 22 97,zynovii30@example.net
Затовканюк,Вікторія,Романівна,Ж,26.12.1978,Редактор,селище Одеса,"проспект Басейний 6-й, буд. 799, Лохвиця, 51076",+380 83 776 43 81,ckozak@example.org
Бабʼюк,Наталія,Ярославівна,Ж,08.01.1957,Мікробіолог,хутір Яготин,"проспект Героїв Крут, буд. 135, Ананьїв, 28194",+380 12 441 70 21,amaliiazhuravel@example.org
Сиротенко,Валентина,Ігорівна,Ж,21.04.1977,Стиліст,місто Ромни,"площа Штурманська, буд. 9, Керч, 44673",+380 02 666-64-14,odarkavakhnii@example.net
Конопленко,Мирослав,Михайлович,Ч,06.06.1980,Піаніст,селище Вишгород,"сквер Чорноморський 8-й, буд. 87 кв. 10, Новий Калинів, 12410",390 82 21,nskyba@example.com
Зінчук,Марія,Павлівна,Ж,20.08.1990,Соціолог,хутір Судак,"проспект Вузький, буд. 315, Малин, 78361",+380 21 830-09-62,nazarvlasiuk@example.net
Тимченко,Людмила,Романівна,Ж,09.11.1978,Вчитель,село Виноградів,"площа Бібліотечна, буд. 3 кв. 883, Білгород-Дністровський, 20197",+380 (71) 696-70-59,klavdiiateslia@example.net
Фурс,Адам,Степанович,Ч,10.09.1991,Головний меркшейдер,село Красногорівка,"набережна Пересипська 5-та, буд. 8 кв. 004, Івано-Франківськ, 93118",815-03-04,ruslanonishchuk@example.org
Алексюк,Ярослав,Ігорович,Ч,01.07.1971,Патологоанатом,село Сарни,"набережна Кришталевий, буд. 728, Федорівка, 76696",031 046 15 76,danchenkomartyn@example.com
Конопля,Пріска,Юріївна,Ж,01.01.1942,Фермер,місто Ананьїв,"парк Цегельнозаводська, буд. 656 кв. 6, Дубляни, 65886",+380 (08) 609-62-63,wnazarenko@example.net
Гресь,Софія,Максимівна,Ж,31.10.1961,Мікробіолог,селище Чистякове,"парк Керченський 1-й, буд. 92 кв. 01, Сокиряни, 80600",035 958 04 71,davydkorolenko@example.net
Євтушенко,Дан,Анатолійович,Ч,06.01.1968,Математик,село Мостиська,"провулок Суперфосфатна, буд. 9, Тисмениця, 80156",+380 (04) 434-81-46,atamanchukiustyna@example.com
Гавришкевич,Стефан,Миколайович,Ч,11.04.1994,Графік,місто Курахове,"провулок Георгія Липського, буд. 5 кв. 45, Могилів-Подільський, 62120",+380 (91) 277-04-83,rubetsleontii@example.com
Ажажа,Єфрем,Романович,Ч,30.10.1970,Локсмайстер,місто Березань,"сквер Рачкова, буд. 1, Моршин, 28402",000 482-90-61,tiahnybokihnat@example.com
Журавель,Олесь,Ярославович,Ч,20.11.1964,Фармацевт,село Косів,"проспект Кодимський, буд. 0 кв. 5, Українськ, 25981",+380 62 269-18-10,skybaarsen@example.org
Ткач,Єлисей,Богданович,Ч,23.08.1958,Піаніст,село Інкерман,"узвіз Ширяївський, буд. 43, Горлівка, 34108",546-20-67,lukianbevz@example.com
Демʼянчук,Ада,Степанівна,Ж,08.12.1942,Бізнесмен,місто Білгород-Дністровський,"сквер Міцкевича, буд. 7 кв. 613, Перевальськ, 60512",+380 70 471-75-41,uvakarchuk@example.net
Байда,Ілля,Вікторович,Ч,03.06.1938,Живописець,хутір Кременчук,"площа Гранатна, буд. 5, Житомир, 66863",+380 (33) 409-02-94,bohuslavavashchuk@example.net
Микитюк,Ада,Степанівна,Ж,28.09.1943,Етнограф,село Бобринець,"площа 3-тя Лінія 4-ї ст. Люстдорфської дороги, буд. 860, Кіцмань, 59630",976-12-84,zlatoslava08@example.org
Яковенко,Данна,Романівна,Ж,09.11.1977,Правник,місто Бердянськ,"провулок Цегельнозаводська, буд. 668, Лубни, 30400",+380 31 624 46 32,artiushenkoustym@example.com
Гаврилюк,Опанас,Леонідович,Ч,20.06.1960,Стиліст,селище Помічна,"парк Керченська, буд. 992, Каховка, 80380",077 62 37,demianchukmykhailyna@example.com
Засядько,Орхип,Богданович,Ч,15.06.1946,Електрослюсар,місто Добропілля,"узвіз Лиманчик 2-й Лінія 9-та, буд. 447, Славутич, 84794",+380 33 104-11-20,pprokopovych@example.org
Василашко,Аврелій,Володимирович,Ч,04.09.1959,Графік,хутір Роздільна,"узвіз Китобійна, буд. 94, Андрушівка, 72166",+380 17 986-70-25,sviatoslavbezborodko@example.com
Бабійчук,Хома,Андрійович,Ч,03.11.1947,Електротехнік,селище Василівка,"проспект Вапняний 2-й, буд. 170 кв. 6, Нікополь, 55560",615 96 31,mykhailopavlychenko@example.com
Каденюк,Мартин,Романович,Ч,10.04.1961,Ювелір,селище Бобровиця,"шосе Крушельницької, буд. 609 кв. 852, Богодухів, 02062",+380 (09) 415-97-33,ikovpak@example.net
Овчаренко,Данна,Дмитрівна,Ж,03.05.2001,Головний меркшейдер,хутір Івано-Франківськ,"узвіз Овідіопольська дорога, буд. 051, Курахове, 60210",+380 84 116-48-76,ivalenko@example.com
Кириленко,Давид,Миколайович,Ч,28.11.2000,Пілот,село Рудки,"узвіз 16-та Лінія 6-й ст. Люстдорфської дороги, буд. 0, Бершадь, 69636",062 859-53-61,istets@example.net
Єрченко,Пантелеймон,Ярославович,Ч,27.09.1992,Юрист,хутір Іллінці,"сквер Хвиляста, буд. 6, Берегове, 79449",+380 (46) 372-54-84,marusiababenko@example.com
Салій,Лесь,Олександрович,Ч,19.12.1980,Хімік,селище Новгород-Сіверський,"узвіз Хімічний 1-й, буд. 930, Жовті Води, 25424",+380 44 167-67-49,iarema68@example.com
Короленко,Соломія,Максимівна,Ж,08.05.1970,Електрик,місто Алушта,"набережна Сергія Уточкіна, буд. 1, Долина, 34329",+380 12 363-48-38,tymchenkodan@example.org
Скиба,Георгій,Анатолійович,Ч,11.10.1972,Музикант,хутір Богодухів,"шосе Кипарисний 1-й, буд. 853, Новий Розділ, 58458",655 69 64,kamillagerega@example.net
Девдюк,Тарас,Максимович,Ч,28.08.1992,Реабілітолог,місто Пирятин,"провулок Ширяївський, буд. 53, Боково-Хрустальне, 50323",042 176 48 96,nazarenkomyron@example.com
Левченко,Орися,Юріївна,Ж,14.01.1986,Вчитель,хутір Золотоноша,"парк Володимира Вінниченка, буд. 49, Ніжин, 31902",972-89-75,ishchyrytsia@example.net
Філіпенко,Орися,Степанівна,Ж,02.04.2008,Мовознавець,місто Новоград-Волинський,"провулок Савранська, буд. 8 кв. 585, Вишгород, 23802",+380 58 390-64-05,adamenkooleksa@example.net
Затовканюк,Орися,Дмитрівна,Ж,09.03.1963,Співак,село Бориспіль,"сквер Іванова Ігоря, буд. 1, Корець, 79503",+380 49 943 14 05,alevtynsatsiuk@example.com
Колодуб,Марко,Олександрович,Ч,02.09.1942,Круп'є,село Пустомити,"площа Харківська, буд. 65, Шептицький, 78158",124 43 05,valentynatalan@example.com
Савенко,Олег,Ярославович,Ч,22.05.1975,Кухар,селище Благовіщенське,"проспект Юннатів 2-й, буд. 6, Волноваха, 46441",+380 48 636-97-67,tkachvladyslav@example.org
Євдокименко,Клавдія,Сергіївна,Ж,27.09.1939,Етнограф,місто Ужгород,"сквер Восьмого Березня Лінія 1-ша, буд. 150 кв. 77, Хрустальний, 65813",+380 48 335 65 33,azhazhalukian@example.com
Голик,Азар,Олександрович,Ч,29.09.1968,Головний меркшейдер,місто Бобринець,"проспект Рози вітрів, буд. 71, Острог, 26871",047 191-36-78,olena17@example.net
Атаманчук,Дан,Сергійович,Ч,26.01.1996,Історик,місто Дубно,"узвіз Станційна 2-га, буд. 06 кв. 9, Дунаївці, 64551",077 639 79 58,tymofii47@example.org
Пустовіт,Теодор,Леонідович,Ч,01.06.1955,Будник,місто Люботин,"площа Проїзний 3-й, буд. 29, Сколе, 39179",099 638 14 40,iemetsmykhailo@example.net
Єщенко,Валентина,Ігорівна,Ж,17.05.1938,Письменник,село Соледар,"набережна Світлий, буд. 62 кв. 04, Васильків, 47739",092 484 44 63,bohuslav61@example.net
Бабʼяк,Юстим,Віталійович,Ч,13.04.1991,Сценарист,хутір Фастів,"узвіз Чубаївська, буд. 6 кв. 2, Вилкове, 87696",+380 11 362 18 34,volodymyr21@example.net
Дуплій,Ліза,Дмитрівна,Ж,06.03.1945,Фізик,селище Хрустальний,"проспект Станційна 2-га, буд. 589 кв. 106, Сорокине, 44576",076 733-55-15,bdashkevych@example.net
Гайда,Галина,Василівна,Ж,01.03.1948,Стропальник,селище Сіверськ,"парк Молокова, буд. 800 кв. 808, Тальне, 57489",451 46 25,klyment29@example.net
Михалюк,Зорян,Іванович,Ч,07.12.1965,Вчитель,хутір Почаїв,"парк Пересипська 8-ма, буд. 765, Сокиряни, 94021",695 80 93,eduardzakharenko@example.com
Негода,Трохим,Григорович,Ч,17.08.1948,Фольклорист,село Алушта,"парк Зої Бутенко, буд. 13 кв. 150, Зоринськ, 35195",678 31 46,fsych@example.org
Мірошниченко,Ярема,Ярославович,Ч,21.11.1961,Менеджер,село Бурштин,"площа Танкістів, буд. 02 кв. 8, Лисичанськ, 76490",+380 19 469 20 07,semenchenkopanteleimon@example.com
Канівець,Данна,Іванівна,Ж,06.04.1990,М'ясник,селище Брянка,"парк Мала, буд. 589, Очаків, 26713",036 955 31 66,martaiakovenko@example.com
Левченко,Данило,Павлович,Ч,29.08.1972,Фрілансер,селище Нова Одеса,"провулок Подільська, буд. 86 кв. 520, Сколе, 24815",069 072-16-21,jirvanets@example.org
Литвин,Леонід,Анатолійович,Ч,25.04.1997,Хімік,село Липовець,"проспект Деволанівський узвіз, буд. 91, Шахтарськ, 13976",017 238 12 42,arkadiibaidak@example.com
Ємельяненко,Хома,Ярославович,Ч,22.07.2000,Швачка,селище Середина-Буда,"провулок Майстерний, буд. 727, Хирів, 50682",093 674-89-75,mykhaliukdemian@example.org
Колодуб,Сергій,Віталійович,Ч,19.03.1975,Патологоанатом,місто Генічеськ,"площа Сортувальна 1-ша, буд. 096, Володимир-Волинський, 46022",253 06 43,ievhen99@example.org
Панчук,Ярема,Леонідович,Ч,15.12.1944,Державний службовець,хутір Устилуг,"сквер Панаса Саксаганського, буд. 116 кв. 3, Угнів, 75460",780 64 64,erika49@example.org
Гузенко,Ірина,Степанівна,Ж,27.11.1951,Режисер,село Дунаївці,"проспект Ананьївська, буд. 8, Герца, 34409",522 12 90,boleslav91@example.com
Рева,Ольга,Богданівна,Ж,08.05.2006,Хімік,селище Галич,"парк Композитора Вербицького, буд. 31, Антрацит, 04857",038 569 76 68,okarpenko@example.net
Алексюк,Варвара,Володимирівна,Ж,10.06.1951,Різноробочий,село Рені,"набережна Каберне, буд. 43 кв. 9, Угнів, 36872",+380 (99) 597-85-90,xzhaivoron@example.com
Голик,Пармен,Ігорович,Ч,11.07.1969,Складальник,місто Бахмут,"площа Софіївська, буд. 8 кв. 6, Алупка, 85149",655-10-36,tiaremkiv@example.org
Сиротенко,Ростислав,Максимович,Ч,29.12.1939,Продюсер,селище Трускавець,"узвіз Камишова, буд. 477 кв. 033, Південне, 13665",016 702-04-64,poltavetsvarfolomii@example.com
Талан,Тереза,Ігорівна,Ж,15.05.2006,Палеонтолог,селище Христинівка,"шосе Верхня, буд. 65 кв. 592, Дунаївці, 98442",+380 (98) 678-94-93,ostapaleksiuk@example.net
Чайка,Ілля,Дмитрович,Ч,25.03.1984,Реставратор,місто Зміїв,"площа Леоніда Осики, буд. 66 кв. 7, Богуслав, 03169",+380 67 411-24-68,vanchenkoivan@example.org
Романчук,Онисим,Романович,Ч,05.11.1953,Піаніст,село Костопіль,"набережна Десантний, буд. 447 кв. 54, Козятин, 33007",+380 49 164 33 55,khomenkoostap@example.net
Ґерус,Климент,Тарасович,Ч,07.10.1945,Фермер,місто Остер,"парк Отамана Чепіги, буд. 660 кв. 4, Коломия, 07375",+380 (93) 091-67-40,daryna66@example.org
Чумак,Климент,Миколайович,Ч,17.04.1950,Бібліотекар,село Багачеве,"шосе Новосельского, буд. 81, Сторожинець, 18875",887 28 45,andriishynbohdan@example.com
Дробʼязко,Леопольд,Дмитрович,Ч,07.03.1952,Історик,село Охтирка,"шосе Джевецького, буд. 17, Берестин, 82808",+380 (51) 536-93-34,leonhavryshkevych@example.net
Сацюк,Охрім,Тарасович,Ч,05.01.1987,Електромонтажник,село Переяслав,"шосе Павла Клепацького, буд. 0, Новоазовськ, 26449",+380 (91) 945-45-77,demyd35@example.com
Коваленко,Лукʼян,Ярославович,Ч,10.10.1995,Медик,місто Кипуче,"парк Тінистий, буд. 9, Малин, 80442",+380 62 010-89-52,havryshkevychzlatoslava@example.com
Фастенко,Андрій,Вікторович,Ч,18.08.2001,Патологоанатом,хутір Богуслав,"провулок Водопровідний 2-й, буд. 38 кв. 80, Вознесенівка, 25147",029 403-57-58,xzhurba@example.com
Гаврилишина,Ліза,Анатоліївна,Ж,02.09.1972,Випробувач,хутір Костопіль,"вулиця Лазурського, буд. 293, Баранівка, 44666",093 139 17 82,ekozachenko@example.net
Авдєєнко,Данна,Андріївна,Ж,27.04.1967,Намотувальник,хутір Черкаси,"вулиця Мирна, буд. 553, Кобеляки, 59436",132 97 67,khomahres@example.com
Корпанюк,Леонтій,Михайлович,Ч,20.02.1942,Візажист,село Олександрівськ,"шосе Юннатів, буд. 436, Золоте, 67873",+380 (14) 106-94-01,fedirromanets@example.net
Адаменко,Дарина,Олександрівна,Ж,22.01.2008,Слідчий,місто Хмільник,"проспект узвіз Віталія Блажка, буд. 5, Глиняни, 67025",662 25 34,miroshnychenkomaksym@example.net
Байрак,Гордій,Іванович,Ч,14.04.1991,Фрілансер,селище Сімферополь,"парк Лиманчик 2-й Лінія 8-ма, буд. 54, Олешки, 71517",+380 69 246-59-08,stepan03@example.net
Чабан,Анастасія,Андріївна,Ж,10.02.1943,Слідчий,селище Мар'їнка,"провулок Елеваторна, буд. 936 кв. 83, Золочів, 64585",+380 30 380-61-18,ostelmakh@example.org
Бабенко,Геннадій,Володимирович,Ч,16.05.1952,Кухар,хутір Вознесенськ,"провулок Сортувальна 1-ша, буд. 67 кв. 46, Верхньодніпровськ, 64962",138 16 26,stykhyi@example.com
Олійник,Василь,Павлович,Ч,17.04.2002,Круп'є,село Хирів,"провулок Івасюка Володимира, буд. 33, Новоукраїнка, 53802",040 888 63 04,fgerus@example.org
Шахрай,Василь,Віталійович,Ч,19.01.1997,Ді-джей,селище Березань,"шосе Хімічна, буд. 07 кв. 50, Докучаєвськ, 47159",+380 49 355-15-00,cskoryk@example.org
Кащенко,Орхип,Ярославович,Ч,28.03.2001,Музикознавець,село Березне,"проспект Грушева, буд. 191 кв. 4, Жданівка, 29527",036 411-42-95,vasylynakarmaliuk@example.org
Якименко,Гліб,Васильович,Ч,06.09.1953,Диригент,село Мерефа,"проспект Асташкіна, буд. 439, Гола Пристань, 94561",066 228 92 50,olenahrechanyk@example.com
Піддубний,Ростислав,Леонідович,Ч,25.04.2005,Пілот,село Краматорськ,"парк Рибальський, буд. 388, Міусинськ, 17537",+380 31 697-19-47,iukhymprokopovych@example.com
Сіробаба,Анастасія,Юріївна,Ж,19.03.1967,Фізик,селище Ладижин,"набережна Івана Франка, буд. 958, Сорокине, 52201",+380 55 870-76-17,upustovit@example.com
Василевич,Миколай,Богданович,Ч,01.11.1985,Агроном,селище Буринь,"сквер Нафтовиків, буд. 8 кв. 31, Старокостянтинів, 01013",867 64 06,ivanchenkoazar@example.org
Корпанюк,Альберт,Андрійович,Ч,06.03.1948,Паблік рилейшнз,село Суходільськ,"шосе Лавкова, буд. 220 кв. 24, Макіївка, 96744",810 30 95,vzhuravel@example.com
